<NewDataSet>
  <xs:schema id="NewDataSet" xmlns="" xmlns:xs="http://www.w3.org/2001/XMLSchema" xmlns:msdata="urn:schemas-microsoft-com:xml-msdata" xmlns:msprop="urn:schemas-microsoft-com:xml-msprop">
    <xs:element name="NewDataSet" msdata:IsDataSet="true" msdata:UseCurrentLocale="true" msdata:IsReadOnly="False">
      <xs:complexType>
        <xs:choice minOccurs="0" maxOccurs="unbounded">
          <xs:element name="CMS_ScheduledTask" msprop:IsFromCMSDatabase="True">
            <xs:complexType>
              <xs:sequence>
                <xs:element name="TaskID" type="xs:int" minOccurs="0" />
                <xs:element name="TaskName" type="xs:string" minOccurs="0" />
                <xs:element name="TaskDisplayName" type="xs:string" minOccurs="0" />
                <xs:element name="TaskAssemblyName" type="xs:string" minOccurs="0" />
                <xs:element name="TaskClass" type="xs:string" minOccurs="0" />
                <xs:element name="TaskInterval" type="xs:string" minOccurs="0" />
                <xs:element name="TaskData" type="xs:string" minOccurs="0" />
                <xs:element name="TaskNextRunTime" type="xs:dateTime" minOccurs="0" />
                <xs:element name="TaskProgress" type="xs:int" minOccurs="0" />
                <xs:element name="TaskEnabled" type="xs:boolean" minOccurs="0" />
                <xs:element name="TaskSiteID" type="xs:int" minOccurs="0" />
                <xs:element name="TaskDeleteAfterLastRun" type="xs:boolean" minOccurs="0" />
                <xs:element name="TaskServerName" type="xs:string" minOccurs="0" />
                <xs:element name="TaskGUID" msdata:DataType="System.Guid, mscorlib, Version=4.0.0.0, Culture=neutral, PublicKeyToken=b77a5c561934e089" type="xs:string" minOccurs="0" />
                <xs:element name="TaskLastModified" type="xs:dateTime" minOccurs="0" />
                <xs:element name="TaskResourceID" type="xs:int" minOccurs="0" />
                <xs:element name="TaskRunInSeparateThread" type="xs:boolean" minOccurs="0" />
                <xs:element name="TaskUseExternalService" type="xs:boolean" minOccurs="0" />
                <xs:element name="TaskAllowExternalService" type="xs:boolean" minOccurs="0" />
                <xs:element name="TaskCondition" type="xs:string" minOccurs="0" />
                <xs:element name="TaskRunIndividually" type="xs:boolean" minOccurs="0" />
                <xs:element name="TaskType" type="xs:int" minOccurs="0" />
              </xs:sequence>
            </xs:complexType>
          </xs:element>
        </xs:choice>
      </xs:complexType>
    </xs:element>
  </xs:schema>
  <CMS_ScheduledTask>
    <TaskID>4376</TaskID>
    <TaskName>cleanchatonlineusers</TaskName>
    <TaskDisplayName>Clean chat online users</TaskDisplayName>
    <TaskAssemblyName>CMS.Chat</TaskAssemblyName>
    <TaskClass>CMS.Chat.ChatOnlineUsersCleaner</TaskClass>
    <TaskInterval>minute;8/8/2011 6:26:16 PM;1;00:00:00;23:59:00;Monday,Tuesday,Wednesday,Thursday,Friday,Saturday,Sunday</TaskInterval>
    <TaskData />
    <TaskNextRunTime>2014-12-18T10:45:48+01:00</TaskNextRunTime>
    <TaskEnabled>true</TaskEnabled>
    <TaskDeleteAfterLastRun>false</TaskDeleteAfterLastRun>
    <TaskServerName />
    <TaskGUID>8e2dfde4-c894-4984-94da-3f9c81539e56</TaskGUID>
    <TaskLastModified>2014-12-18T10:44:48.5581291+01:00</TaskLastModified>
    <TaskResourceID>272</TaskResourceID>
    <TaskRunInSeparateThread>false</TaskRunInSeparateThread>
    <TaskUseExternalService>false</TaskUseExternalService>
    <TaskAllowExternalService>false</TaskAllowExternalService>
    <TaskCondition />
    <TaskRunIndividually>false</TaskRunIndividually>
  </CMS_ScheduledTask>
  <CMS_ScheduledTask>
    <TaskID>4377</TaskID>
    <TaskName>DeletedRoomsCleaner</TaskName>
    <TaskDisplayName>Clean chat rooms scheduled to delete</TaskDisplayName>
    <TaskAssemblyName>CMS.Chat</TaskAssemblyName>
    <TaskClass>CMS.Chat.DeletedRoomsCleaner</TaskClass>
    <TaskInterval>day;11/16/2011 12:00:00 AM;1;Monday,Tuesday,Wednesday,Thursday,Friday,Saturday,Sunday</TaskInterval>
    <TaskData />
    <TaskNextRunTime>2014-12-18T16:37:56+01:00</TaskNextRunTime>
    <TaskEnabled>true</TaskEnabled>
    <TaskDeleteAfterLastRun>false</TaskDeleteAfterLastRun>
    <TaskServerName />
    <TaskGUID>ad35cfc9-9fec-4a6c-9a6e-d21a62683b5d</TaskGUID>
    <TaskLastModified>2014-12-17T16:37:56.3541918+01:00</TaskLastModified>
    <TaskResourceID>272</TaskResourceID>
    <TaskRunInSeparateThread>false</TaskRunInSeparateThread>
    <TaskUseExternalService>false</TaskUseExternalService>
    <TaskAllowExternalService>true</TaskAllowExternalService>
    <TaskCondition />
    <TaskRunIndividually>false</TaskRunIndividually>
  </CMS_ScheduledTask>
  <CMS_ScheduledTask>
    <TaskID>624</TaskID>
    <TaskName>Email.QueueCleaner</TaskName>
    <TaskDisplayName>Clean e-mail queue</TaskDisplayName>
    <TaskAssemblyName>CMS.Scheduler</TaskAssemblyName>
    <TaskClass>CMS.Scheduler.QueueCleaner</TaskClass>
    <TaskInterval>day;9/30/2008 12:00:00 AM;1;Monday,Tuesday,Wednesday,Thursday,Friday,Saturday,Sunday</TaskInterval>
    <TaskData />
    <TaskNextRunTime>2014-12-18T16:37:48+01:00</TaskNextRunTime>
    <TaskEnabled>true</TaskEnabled>
    <TaskDeleteAfterLastRun>false</TaskDeleteAfterLastRun>
    <TaskServerName />
    <TaskGUID>f6a7d4dc-0146-4966-be83-f7e3a87df41c</TaskGUID>
    <TaskLastModified>2014-12-17T16:37:49.8275392+01:00</TaskLastModified>
    <TaskRunInSeparateThread>true</TaskRunInSeparateThread>
    <TaskUseExternalService>true</TaskUseExternalService>
    <TaskAllowExternalService>true</TaskAllowExternalService>
    <TaskCondition />
    <TaskRunIndividually>false</TaskRunIndividually>
  </CMS_ScheduledTask>
  <CMS_ScheduledTask>
    <TaskID>4375</TaskID>
    <TaskName>ChatOldRecordsCleaner</TaskName>
    <TaskDisplayName>Clean old chat records</TaskDisplayName>
    <TaskAssemblyName>CMS.Chat</TaskAssemblyName>
    <TaskClass>CMS.Chat.OldRecordsCleaner</TaskClass>
    <TaskInterval>day;1/17/2012 3:48:42 PM;1;Monday,Tuesday,Wednesday,Thursday,Friday,Saturday,Sunday</TaskInterval>
    <TaskData />
    <TaskNextRunTime>2014-12-18T16:37:53+01:00</TaskNextRunTime>
    <TaskEnabled>true</TaskEnabled>
    <TaskDeleteAfterLastRun>false</TaskDeleteAfterLastRun>
    <TaskServerName />
    <TaskGUID>b679317a-aa15-4eaf-8f8c-7f5c14f9b7e5</TaskGUID>
    <TaskLastModified>2014-12-17T16:37:55.1830747+01:00</TaskLastModified>
    <TaskResourceID>272</TaskResourceID>
    <TaskRunInSeparateThread>false</TaskRunInSeparateThread>
    <TaskUseExternalService>false</TaskUseExternalService>
    <TaskAllowExternalService>false</TaskAllowExternalService>
    <TaskCondition />
    <TaskRunIndividually>false</TaskRunIndividually>
  </CMS_ScheduledTask>
  <CMS_ScheduledTask>
    <TaskID>4789</TaskID>
    <TaskName>ChatOldInitiatedChatRequestsCleaner</TaskName>
    <TaskDisplayName>Clean old initiated chat requests</TaskDisplayName>
    <TaskAssemblyName>CMS.Chat</TaskAssemblyName>
    <TaskClass>CMS.Chat.OldInitiatedChatRequestsCleaner</TaskClass>
    <TaskInterval>hour;4/11/2012 12:38:14 PM;1;00:00:00;23:59:00;Monday,Tuesday,Wednesday,Thursday,Friday,Saturday,Sunday</TaskInterval>
    <TaskData />
    <TaskNextRunTime>2014-12-18T11:44:52+01:00</TaskNextRunTime>
    <TaskEnabled>true</TaskEnabled>
    <TaskDeleteAfterLastRun>false</TaskDeleteAfterLastRun>
    <TaskServerName />
    <TaskGUID>f72e08cc-4e2d-4783-8817-d8d0df0cee42</TaskGUID>
    <TaskLastModified>2014-12-18T10:44:52.3785111+01:00</TaskLastModified>
    <TaskResourceID>272</TaskResourceID>
    <TaskRunInSeparateThread>false</TaskRunInSeparateThread>
    <TaskUseExternalService>false</TaskUseExternalService>
    <TaskAllowExternalService>false</TaskAllowExternalService>
    <TaskCondition />
    <TaskRunIndividually>false</TaskRunIndividually>
  </CMS_ScheduledTask>
  <CMS_ScheduledTask>
    <TaskID>1150</TaskID>
    <TaskName>System.UnusedMemoryCleaner</TaskName>
    <TaskDisplayName>Clean unused memory</TaskDisplayName>
    <TaskAssemblyName>CMS.Scheduler</TaskAssemblyName>
    <TaskClass>CMS.Scheduler.UnusedMemoryCleaner</TaskClass>
    <TaskInterval>hour;9/16/2009 12:00:00 AM;1;00:00:00;23:59:00;Monday,Tuesday,Wednesday,Thursday,Friday,Saturday,Sunday</TaskInterval>
    <TaskData />
    <TaskNextRunTime>2013-07-19T08:44:59+02:00</TaskNextRunTime>
    <TaskEnabled>false</TaskEnabled>
    <TaskDeleteAfterLastRun>false</TaskDeleteAfterLastRun>
    <TaskServerName />
    <TaskGUID>6ff7094c-17a0-4a2b-a67e-4fa38edc80db</TaskGUID>
    <TaskLastModified>2013-07-19T07:44:59.72+02:00</TaskLastModified>
    <TaskRunInSeparateThread>true</TaskRunInSeparateThread>
    <TaskAllowExternalService>false</TaskAllowExternalService>
  </CMS_ScheduledTask>
  <CMS_ScheduledTask>
    <TaskID>1271</TaskID>
    <TaskName>DeleteImageEditorHistory</TaskName>
    <TaskDisplayName>Delete image editor history</TaskDisplayName>
    <TaskAssemblyName>CMS.Scheduler</TaskAssemblyName>
    <TaskClass>CMS.Scheduler.DeleteImageEditorHistory</TaskClass>
    <TaskInterval>hour;7/2/2010 12:39:19 PM;12;00:00:00;23:59:00;Monday,Tuesday,Wednesday,Thursday,Friday,Saturday,Sunday</TaskInterval>
    <TaskData />
    <TaskNextRunTime>2014-12-18T20:32:37+01:00</TaskNextRunTime>
    <TaskEnabled>true</TaskEnabled>
    <TaskDeleteAfterLastRun>false</TaskDeleteAfterLastRun>
    <TaskServerName />
    <TaskGUID>d4f09853-ddb9-45f8-9d30-a3698b40dc26</TaskGUID>
    <TaskLastModified>2014-12-18T08:32:37.8740556+01:00</TaskLastModified>
    <TaskRunInSeparateThread>true</TaskRunInSeparateThread>
    <TaskUseExternalService>true</TaskUseExternalService>
    <TaskAllowExternalService>true</TaskAllowExternalService>
    <TaskCondition />
    <TaskRunIndividually>false</TaskRunIndividually>
  </CMS_ScheduledTask>
  <CMS_ScheduledTask>
    <TaskID>3440</TaskID>
    <TaskName>DeleteInactiveContacts</TaskName>
    <TaskDisplayName>Delete inactive contacts</TaskDisplayName>
    <TaskAssemblyName>CMS.OnlineMarketing</TaskAssemblyName>
    <TaskClass>CMS.OnlineMarketing.DeleteInactiveContacts</TaskClass>
    <TaskInterval>week;3/29/2012 12:42:31 PM;1</TaskInterval>
    <TaskData />
    <TaskNextRunTime>2014-12-18T14:47:15+01:00</TaskNextRunTime>
    <TaskEnabled>true</TaskEnabled>
    <TaskDeleteAfterLastRun>false</TaskDeleteAfterLastRun>
    <TaskServerName />
    <TaskGUID>5f085350-950d-42e5-86fe-f26bade31afb</TaskGUID>
    <TaskLastModified>2014-12-12T14:47:17.1341517+01:00</TaskLastModified>
    <TaskRunInSeparateThread>true</TaskRunInSeparateThread>
    <TaskUseExternalService>false</TaskUseExternalService>
    <TaskAllowExternalService>true</TaskAllowExternalService>
    <TaskCondition />
    <TaskRunIndividually>false</TaskRunIndividually>
  </CMS_ScheduledTask>
  <CMS_ScheduledTask>
    <TaskID>6782</TaskID>
    <TaskName>Cache.DeleteOldFileSystemCache</TaskName>
    <TaskDisplayName>Delete old file system cache files</TaskDisplayName>
    <TaskAssemblyName>CMS.Scheduler</TaskAssemblyName>
    <TaskClass>CMS.Scheduler.FileSystemCacheCleaner</TaskClass>
    <TaskInterval>hour;7/24/2012 5:16:32 PM;1;00:00:00;23:59:00;Monday,Tuesday,Wednesday,Thursday,Friday,Saturday,Sunday</TaskInterval>
    <TaskData />
    <TaskNextRunTime>2014-12-18T11:44:52+01:00</TaskNextRunTime>
    <TaskEnabled>true</TaskEnabled>
    <TaskDeleteAfterLastRun>false</TaskDeleteAfterLastRun>
    <TaskServerName />
    <TaskGUID>99a15b0e-bc9b-4fb5-b047-315c56321abd</TaskGUID>
    <TaskLastModified>2014-12-18T10:44:52.4205153+01:00</TaskLastModified>
    <TaskRunInSeparateThread>false</TaskRunInSeparateThread>
    <TaskUseExternalService>false</TaskUseExternalService>
    <TaskAllowExternalService>true</TaskAllowExternalService>
    <TaskCondition />
    <TaskRunIndividually>true</TaskRunIndividually>
  </CMS_ScheduledTask>
  <CMS_ScheduledTask>
    <TaskID>1066</TaskID>
    <TaskName>Content.DeleteOldTemporaryAttachments</TaskName>
    <TaskDisplayName>Delete old temporary attachments</TaskDisplayName>
    <TaskAssemblyName>CMS.DocumentEngine</TaskAssemblyName>
    <TaskClass>CMS.DocumentEngine.TemporaryAttachmentsCleaner</TaskClass>
    <TaskInterval>hour;4/22/2009 12:00:20 PM;1;00:00:00;23:59:00;Monday,Tuesday,Wednesday,Thursday,Friday,Saturday,Sunday</TaskInterval>
    <TaskData />
    <TaskNextRunTime>2014-12-18T11:44:48+01:00</TaskNextRunTime>
    <TaskEnabled>true</TaskEnabled>
    <TaskDeleteAfterLastRun>false</TaskDeleteAfterLastRun>
    <TaskServerName />
    <TaskGUID>4e5fc15a-aa43-4c73-b8d8-24e65ea7f10d</TaskGUID>
    <TaskLastModified>2014-12-18T10:44:48.4881221+01:00</TaskLastModified>
    <TaskRunInSeparateThread>true</TaskRunInSeparateThread>
    <TaskUseExternalService>true</TaskUseExternalService>
    <TaskAllowExternalService>true</TaskAllowExternalService>
    <TaskCondition />
    <TaskRunIndividually>false</TaskRunIndividually>
  </CMS_ScheduledTask>
  <CMS_ScheduledTask>
    <TaskID>3004</TaskID>
    <TaskName>Content.DeleteOldTemporaryUploadFiles</TaskName>
    <TaskDisplayName>Delete old temporary upload files</TaskDisplayName>
    <TaskAssemblyName>CMS.ExtendedControls</TaskAssemblyName>
    <TaskClass>CMS.ExtendedControls.TemporaryUploadsCleaner</TaskClass>
    <TaskInterval>day;8/16/2011 12:00:30 PM;1;Monday,Tuesday,Wednesday,Thursday,Friday,Saturday,Sunday</TaskInterval>
    <TaskData />
    <TaskNextRunTime>2014-12-18T16:37:53+01:00</TaskNextRunTime>
    <TaskEnabled>true</TaskEnabled>
    <TaskDeleteAfterLastRun>false</TaskDeleteAfterLastRun>
    <TaskServerName />
    <TaskGUID>7c93f262-fdad-4571-a568-eb0ad882825d</TaskGUID>
    <TaskLastModified>2014-12-17T16:37:53.665923+01:00</TaskLastModified>
    <TaskRunInSeparateThread>false</TaskRunInSeparateThread>
    <TaskUseExternalService>true</TaskUseExternalService>
    <TaskAllowExternalService>true</TaskAllowExternalService>
    <TaskCondition />
    <TaskRunIndividually>false</TaskRunIndividually>
  </CMS_ScheduledTask>
  <CMS_ScheduledTask>
    <TaskID>2757</TaskID>
    <TaskName>EProductReminder</TaskName>
    <TaskDisplayName>E-product reminder</TaskDisplayName>
    <TaskAssemblyName>CMS.Ecommerce</TaskAssemblyName>
    <TaskClass>CMS.Ecommerce.EProductReminder</TaskClass>
    <TaskInterval>day;7/10/2011 5:00:00 AM;1;Monday,Tuesday,Wednesday,Thursday,Friday,Saturday,Sunday</TaskInterval>
    <TaskData />
    <TaskNextRunTime>2014-12-18T16:37:51+01:00</TaskNextRunTime>
    <TaskEnabled>true</TaskEnabled>
    <TaskDeleteAfterLastRun>false</TaskDeleteAfterLastRun>
    <TaskServerName />
    <TaskGUID>edf602fc-94a4-4afe-b58f-c77966cb085a</TaskGUID>
    <TaskLastModified>2014-12-17T16:37:53.5649129+01:00</TaskLastModified>
    <TaskResourceID>111</TaskResourceID>
    <TaskRunInSeparateThread>false</TaskRunInSeparateThread>
    <TaskUseExternalService>true</TaskUseExternalService>
    <TaskAllowExternalService>true</TaskAllowExternalService>
    <TaskCondition />
    <TaskRunIndividually>false</TaskRunIndividually>
  </CMS_ScheduledTask>
  <CMS_ScheduledTask>
    <TaskID>1068</TaskID>
    <TaskName>Search.TaskExecutor</TaskName>
    <TaskDisplayName>Execute search tasks</TaskDisplayName>
    <TaskAssemblyName>CMS.Scheduler</TaskAssemblyName>
    <TaskClass>CMS.Scheduler.SearchTaskExecutor</TaskClass>
    <TaskInterval>minute;11/25/2014 12:03:25 PM;1;00:00:00;23:59:00;Monday,Tuesday,Wednesday,Thursday,Friday,Saturday,Sunday</TaskInterval>
    <TaskData />
    <TaskNextRunTime>2014-12-18T10:45:48+01:00</TaskNextRunTime>
    <TaskEnabled>true</TaskEnabled>
    <TaskDeleteAfterLastRun>false</TaskDeleteAfterLastRun>
    <TaskServerName />
    <TaskGUID>fbd459f7-f0b2-4e4a-a392-ec980e0c35a0</TaskGUID>
    <TaskLastModified>2014-12-18T10:44:48.4121145+01:00</TaskLastModified>
    <TaskRunInSeparateThread>false</TaskRunInSeparateThread>
    <TaskUseExternalService>false</TaskUseExternalService>
    <TaskAllowExternalService>false</TaskAllowExternalService>
    <TaskCondition />
    <TaskRunIndividually>false</TaskRunIndividually>
  </CMS_ScheduledTask>
  <CMS_ScheduledTask>
    <TaskID>3423</TaskID>
    <TaskName>MembershipReminder</TaskName>
    <TaskDisplayName>Membership reminder</TaskDisplayName>
    <TaskAssemblyName>CMS.Membership</TaskAssemblyName>
    <TaskClass>CMS.Membership.MembershipReminder</TaskClass>
    <TaskInterval>day;6/30/2011 5:00:00 AM;1;Monday,Tuesday,Wednesday,Thursday,Friday,Saturday,Sunday</TaskInterval>
    <TaskData />
    <TaskNextRunTime>2014-12-18T16:37:53+01:00</TaskNextRunTime>
    <TaskEnabled>true</TaskEnabled>
    <TaskDeleteAfterLastRun>false</TaskDeleteAfterLastRun>
    <TaskServerName />
    <TaskGUID>ac98558e-201f-476e-862b-54ee24e97fd5</TaskGUID>
    <TaskLastModified>2014-12-17T16:37:54.4319996+01:00</TaskLastModified>
    <TaskResourceID>242</TaskResourceID>
    <TaskRunInSeparateThread>true</TaskRunInSeparateThread>
    <TaskUseExternalService>false</TaskUseExternalService>
    <TaskAllowExternalService>true</TaskAllowExternalService>
    <TaskCondition />
    <TaskRunIndividually>false</TaskRunIndividually>
  </CMS_ScheduledTask>
  <CMS_ScheduledTask>
    <TaskID>1069</TaskID>
    <TaskName>Search.IndexOptimizer</TaskName>
    <TaskDisplayName>Optimize search indexes</TaskDisplayName>
    <TaskAssemblyName>CMS.Scheduler</TaskAssemblyName>
    <TaskClass>CMS.Scheduler.SearchIndexOptimizer</TaskClass>
    <TaskInterval>week;4/10/2009 12:37:29 PM;1</TaskInterval>
    <TaskData />
    <TaskEnabled>false</TaskEnabled>
    <TaskDeleteAfterLastRun>false</TaskDeleteAfterLastRun>
    <TaskServerName />
    <TaskGUID>501a6ee6-7e28-4474-82ff-e22c334fd5b5</TaskGUID>
    <TaskLastModified>2013-07-19T07:44:59.397+02:00</TaskLastModified>
    <TaskRunInSeparateThread>true</TaskRunInSeparateThread>
    <TaskUseExternalService>false</TaskUseExternalService>
    <TaskAllowExternalService>false</TaskAllowExternalService>
    <TaskCondition />
    <TaskRunIndividually>false</TaskRunIndividually>
  </CMS_ScheduledTask>
  <CMS_ScheduledTask>
    <TaskID>492</TaskID>
    <TaskName>Analytics.LogProcessing</TaskName>
    <TaskDisplayName>Process analytics log</TaskDisplayName>
    <TaskAssemblyName>CMS.WebAnalytics</TaskAssemblyName>
    <TaskClass>CMS.WebAnalytics.HitLogProcessor</TaskClass>
    <TaskInterval>minute;8/26/2008 12:45:23 PM;1;00:00:00;23:59:00;Monday,Tuesday,Wednesday,Thursday,Friday,Saturday,Sunday</TaskInterval>
    <TaskData />
    <TaskNextRunTime>2014-12-18T10:45:48+01:00</TaskNextRunTime>
    <TaskEnabled>true</TaskEnabled>
    <TaskDeleteAfterLastRun>false</TaskDeleteAfterLastRun>
    <TaskServerName />
    <TaskGUID>7f8b5f10-a843-433e-86b7-a4c9c8336328</TaskGUID>
    <TaskLastModified>2014-12-18T10:44:48.3091042+01:00</TaskLastModified>
    <TaskRunInSeparateThread>true</TaskRunInSeparateThread>
    <TaskUseExternalService>true</TaskUseExternalService>
    <TaskAllowExternalService>true</TaskAllowExternalService>
  </CMS_ScheduledTask>
  <CMS_ScheduledTask>
    <TaskID>2740</TaskID>
    <TaskName>Integration.ProcessExternalTasks</TaskName>
    <TaskDisplayName>Process external integration tasks</TaskDisplayName>
    <TaskAssemblyName>CMS.SynchronizationEngine</TaskAssemblyName>
    <TaskClass>CMS.Synchronization.IntegrationExternalTasksProcessor</TaskClass>
    <TaskInterval>day;6/13/2011 1:33:28 PM;1;Monday,Tuesday,Wednesday,Thursday,Friday,Saturday,Sunday</TaskInterval>
    <TaskData />
    <TaskNextRunTime>2014-12-18T16:37:50+01:00</TaskNextRunTime>
    <TaskEnabled>true</TaskEnabled>
    <TaskDeleteAfterLastRun>false</TaskDeleteAfterLastRun>
    <TaskServerName />
    <TaskGUID>eefacb2f-c4c8-48a1-9558-d1633e477ab8</TaskGUID>
    <TaskLastModified>2014-12-17T16:37:51.1426707+01:00</TaskLastModified>
    <TaskRunInSeparateThread>false</TaskRunInSeparateThread>
    <TaskUseExternalService>false</TaskUseExternalService>
    <TaskAllowExternalService>false</TaskAllowExternalService>
    <TaskCondition />
    <TaskRunIndividually>false</TaskRunIndividually>
  </CMS_ScheduledTask>
  <CMS_ScheduledTask>
    <TaskID>671</TaskID>
    <TaskName>ForumThreadViewsProcessor</TaskName>
    <TaskDisplayName>Process forum thread views</TaskDisplayName>
    <TaskAssemblyName>CMS.Forums</TaskAssemblyName>
    <TaskClass>CMS.Forums.ThreadViewsProcessor</TaskClass>
    <TaskInterval>minute;10/16/2008 8:37:16 AM;2;00:00:00;23:59:00;Monday,Tuesday,Wednesday,Thursday,Friday,Saturday,Sunday</TaskInterval>
    <TaskData />
    <TaskNextRunTime>2014-12-18T10:46:48+01:00</TaskNextRunTime>
    <TaskEnabled>true</TaskEnabled>
    <TaskDeleteAfterLastRun>false</TaskDeleteAfterLastRun>
    <TaskServerName />
    <TaskGUID>d931ddd7-9c2e-49b9-b92b-66d25282e1e7</TaskGUID>
    <TaskLastModified>2014-12-18T10:44:48.3781111+01:00</TaskLastModified>
    <TaskResourceID>109</TaskResourceID>
    <TaskRunInSeparateThread>true</TaskRunInSeparateThread>
    <TaskAllowExternalService>false</TaskAllowExternalService>
  </CMS_ScheduledTask>
  <CMS_ScheduledTask>
    <TaskID>1868</TaskID>
    <TaskName>ProjectTaskOverdueTaskReminder</TaskName>
    <TaskDisplayName>Project task - overdue task reminder</TaskDisplayName>
    <TaskAssemblyName>CMS.ProjectManagement</TaskAssemblyName>
    <TaskClass>CMS.ProjectManagement.Reminder</TaskClass>
    <TaskInterval>minute;9/27/2010 11:52:42 AM;1;00:00:00;23:59:00;Monday,Tuesday,Wednesday,Thursday,Friday,Saturday,Sunday</TaskInterval>
    <TaskData>&lt;data&gt;&lt;/data&gt;</TaskData>
    <TaskNextRunTime>2014-12-18T10:45:48+01:00</TaskNextRunTime>
    <TaskEnabled>true</TaskEnabled>
    <TaskDeleteAfterLastRun>false</TaskDeleteAfterLastRun>
    <TaskServerName />
    <TaskGUID>65e4e144-a8e6-4610-b184-8c0cdb21f006</TaskGUID>
    <TaskLastModified>2014-12-18T10:44:48.5381271+01:00</TaskLastModified>
    <TaskResourceID>204</TaskResourceID>
    <TaskRunInSeparateThread>true</TaskRunInSeparateThread>
    <TaskUseExternalService>true</TaskUseExternalService>
    <TaskAllowExternalService>true</TaskAllowExternalService>
    <TaskCondition />
    <TaskRunIndividually>false</TaskRunIndividually>
  </CMS_ScheduledTask>
  <CMS_ScheduledTask>
    <TaskID>640</TaskID>
    <TaskName>TimeZone.Recalculate</TaskName>
    <TaskDisplayName>Recalculate time zone</TaskDisplayName>
    <TaskAssemblyName>CMS.Scheduler</TaskAssemblyName>
    <TaskClass>CMS.Scheduler.TimeZoneRecalculate</TaskClass>
    <TaskInterval>once;9/29/2008 3:50:00 PM</TaskInterval>
    <TaskData />
    <TaskNextRunTime>2015-01-01T00:00:00+01:00</TaskNextRunTime>
    <TaskEnabled>true</TaskEnabled>
    <TaskDeleteAfterLastRun>false</TaskDeleteAfterLastRun>
    <TaskServerName />
    <TaskGUID>4f1469a0-8f3f-42a2-9a08-72f27c225271</TaskGUID>
    <TaskLastModified>2014-01-16T11:38:35.20205+01:00</TaskLastModified>
    <TaskRunInSeparateThread>true</TaskRunInSeparateThread>
    <TaskUseExternalService>true</TaskUseExternalService>
    <TaskAllowExternalService>true</TaskAllowExternalService>
    <TaskCondition />
    <TaskRunIndividually>true</TaskRunIndividually>
  </CMS_ScheduledTask>
  <CMS_ScheduledTask>
    <TaskID>2689</TaskID>
    <TaskName>RemoveAnalyticsData</TaskName>
    <TaskDisplayName>Remove analytics data</TaskDisplayName>
    <TaskAssemblyName>CMS.WebAnalytics</TaskAssemblyName>
    <TaskClass>CMS.WebAnalytics.RemoveAnalyticsData</TaskClass>
    <TaskInterval>month;1/1/2011 12:00:00 AM;1</TaskInterval>
    <TaskData>720</TaskData>
    <TaskEnabled>false</TaskEnabled>
    <TaskDeleteAfterLastRun>false</TaskDeleteAfterLastRun>
    <TaskServerName />
    <TaskGUID>27824bfe-f16f-4431-949c-82fcfd15e3b7</TaskGUID>
    <TaskLastModified>2013-07-19T07:45:29.823+02:00</TaskLastModified>
    <TaskResourceID>115</TaskResourceID>
    <TaskRunInSeparateThread>true</TaskRunInSeparateThread>
    <TaskUseExternalService>true</TaskUseExternalService>
    <TaskAllowExternalService>true</TaskAllowExternalService>
  </CMS_ScheduledTask>
  <CMS_ScheduledTask>
    <TaskID>641</TaskID>
    <TaskName>SessionsRemoveExpiredSessions</TaskName>
    <TaskDisplayName>Remove expired sessions</TaskDisplayName>
    <TaskAssemblyName>CMS.Membership</TaskAssemblyName>
    <TaskClass>CMS.Membership.RemoveExpiredSessions</TaskClass>
    <TaskInterval>minute;9/30/2008 4:26:41 PM;1;00:00:00;23:59:00;Monday,Tuesday,Wednesday,Thursday,Friday,Saturday,Sunday</TaskInterval>
    <TaskData />
    <TaskNextRunTime>2014-12-18T10:45:48+01:00</TaskNextRunTime>
    <TaskEnabled>true</TaskEnabled>
    <TaskDeleteAfterLastRun>false</TaskDeleteAfterLastRun>
    <TaskServerName />
    <TaskGUID>3788d62f-378a-40ed-82b4-7c230e74d773</TaskGUID>
    <TaskLastModified>2014-12-18T10:44:48.3541087+01:00</TaskLastModified>
    <TaskRunInSeparateThread>true</TaskRunInSeparateThread>
    <TaskUseExternalService>false</TaskUseExternalService>
    <TaskAllowExternalService>false</TaskAllowExternalService>
    <TaskCondition />
    <TaskRunIndividually>false</TaskRunIndividually>
  </CMS_ScheduledTask>
  <CMS_ScheduledTask>
    <TaskID>2758</TaskID>
    <TaskName>RentedLicenseUpdater</TaskName>
    <TaskDisplayName>Rented license updater</TaskDisplayName>
    <TaskAssemblyName>CMS.Scheduler</TaskAssemblyName>
    <TaskClass>CMS.Scheduler.RentedLicenseUpdaterTask</TaskClass>
    <TaskInterval>day;7/13/2011 1:49:55 PM;1;Monday,Tuesday,Wednesday,Thursday,Friday,Saturday,Sunday</TaskInterval>
    <TaskData />
    <TaskNextRunTime>2013-07-20T07:44:59+02:00</TaskNextRunTime>
    <TaskEnabled>false</TaskEnabled>
    <TaskDeleteAfterLastRun>false</TaskDeleteAfterLastRun>
    <TaskServerName />
    <TaskGUID>54d610e2-75ce-40be-8c37-4de8b3da254a</TaskGUID>
    <TaskLastModified>2013-07-19T07:44:59.887+02:00</TaskLastModified>
    <TaskRunInSeparateThread>true</TaskRunInSeparateThread>
    <TaskUseExternalService>true</TaskUseExternalService>
    <TaskAllowExternalService>true</TaskAllowExternalService>
  </CMS_ScheduledTask>
  <CMS_ScheduledTask>
    <TaskID>4426</TaskID>
    <TaskName>Report_subscription_sender</TaskName>
    <TaskDisplayName>Report subscription sender</TaskDisplayName>
    <TaskAssemblyName>CMS.Reporting</TaskAssemblyName>
    <TaskClass>CMS.Reporting.ReportSubscriptionSender</TaskClass>
    <TaskInterval>minute;4/10/2012 9:00:44 AM;1;00:00:00;23:59:00;Monday,Tuesday,Wednesday,Thursday,Friday,Saturday,Sunday</TaskInterval>
    <TaskData />
    <TaskNextRunTime>2014-12-18T10:45:48+01:00</TaskNextRunTime>
    <TaskEnabled>true</TaskEnabled>
    <TaskDeleteAfterLastRun>false</TaskDeleteAfterLastRun>
    <TaskServerName />
    <TaskGUID>fc84271e-b158-4535-8416-4f940e360b1d</TaskGUID>
    <TaskLastModified>2014-12-18T10:44:52.3325065+01:00</TaskLastModified>
    <TaskResourceID>114</TaskResourceID>
    <TaskRunInSeparateThread>false</TaskRunInSeparateThread>
    <TaskUseExternalService>false</TaskUseExternalService>
    <TaskAllowExternalService>false</TaskAllowExternalService>
    <TaskCondition />
    <TaskRunIndividually>false</TaskRunIndividually>
  </CMS_ScheduledTask>
  <CMS_ScheduledTask>
    <TaskID>623</TaskID>
    <TaskName>Email.QueueSender</TaskName>
    <TaskDisplayName>Send queued e-mails</TaskDisplayName>
    <TaskAssemblyName>CMS.Scheduler</TaskAssemblyName>
    <TaskClass>CMS.Scheduler.QueueSender</TaskClass>
    <TaskInterval>minute;9/18/2008 9:01:04 AM;1;00:00:00;23:59:00;Monday,Tuesday,Wednesday,Thursday,Friday,Saturday,Sunday</TaskInterval>
    <TaskData />
    <TaskNextRunTime>2014-12-18T10:45:48+01:00</TaskNextRunTime>
    <TaskEnabled>true</TaskEnabled>
    <TaskDeleteAfterLastRun>false</TaskDeleteAfterLastRun>
    <TaskServerName />
    <TaskGUID>1b067823-df3f-4e32-a520-35901f8501bb</TaskGUID>
    <TaskLastModified>2014-12-18T10:44:48.3051038+01:00</TaskLastModified>
    <TaskRunInSeparateThread>false</TaskRunInSeparateThread>
    <TaskUseExternalService>true</TaskUseExternalService>
    <TaskAllowExternalService>true</TaskAllowExternalService>
    <TaskCondition />
    <TaskRunIndividually>false</TaskRunIndividually>
  </CMS_ScheduledTask>
  <CMS_ScheduledTask>
    <TaskID>1156</TaskID>
    <TaskName>NewsletterSender</TaskName>
    <TaskDisplayName>Send queued newsletters</TaskDisplayName>
    <TaskAssemblyName>CMS.Newsletters</TaskAssemblyName>
    <TaskClass>CMS.Newsletters.NewsletterSender</TaskClass>
    <TaskInterval>minute;9/30/2009 3:39:33 PM;1;00:00:00;23:59:00;Monday,Tuesday,Wednesday,Thursday,Friday,Saturday,Sunday</TaskInterval>
    <TaskData />
    <TaskNextRunTime>2014-12-18T10:45:48+01:00</TaskNextRunTime>
    <TaskEnabled>true</TaskEnabled>
    <TaskDeleteAfterLastRun>false</TaskDeleteAfterLastRun>
    <TaskServerName />
    <TaskGUID>27c692f2-c5b6-4d7b-b782-cc8bb7df7463</TaskGUID>
    <TaskLastModified>2014-12-18T10:44:48.4421175+01:00</TaskLastModified>
    <TaskResourceID>108</TaskResourceID>
    <TaskRunInSeparateThread>false</TaskRunInSeparateThread>
    <TaskUseExternalService>true</TaskUseExternalService>
    <TaskAllowExternalService>true</TaskAllowExternalService>
    <TaskCondition />
    <TaskRunIndividually>false</TaskRunIndividually>
  </CMS_ScheduledTask>
  <CMS_ScheduledTask>
    <TaskID>1182</TaskID>
    <TaskName>SynchronizeWebFarmChanges</TaskName>
    <TaskDisplayName>Synchronize web farm changes</TaskDisplayName>
    <TaskAssemblyName>CMS.WebFarmSync</TaskAssemblyName>
    <TaskClass>CMS.WebFarmSync.WebFarmSynchroTask</TaskClass>
    <TaskInterval>minute;11/5/2009 4:44:10 AM;1;00:00:00;23:59:00;Monday,Tuesday,Wednesday,Thursday,Friday,Saturday,Sunday</TaskInterval>
    <TaskData />
    <TaskNextRunTime>2014-12-18T10:45:48+01:00</TaskNextRunTime>
    <TaskEnabled>true</TaskEnabled>
    <TaskDeleteAfterLastRun>false</TaskDeleteAfterLastRun>
    <TaskServerName />
    <TaskGUID>f7e85259-32b9-465c-8bbe-079450dec58b</TaskGUID>
    <TaskLastModified>2014-12-18T10:44:48.4751208+01:00</TaskLastModified>
    <TaskRunInSeparateThread>false</TaskRunInSeparateThread>
    <TaskUseExternalService>false</TaskUseExternalService>
    <TaskAllowExternalService>false</TaskAllowExternalService>
    <TaskCondition />
    <TaskRunIndividually>false</TaskRunIndividually>
  </CMS_ScheduledTask>
  <CMS_ScheduledTask>
    <TaskID>642</TaskID>
    <TaskName>SessionsUpdateDatabaseSession</TaskName>
    <TaskDisplayName>Update database session</TaskDisplayName>
    <TaskAssemblyName>CMS.Membership</TaskAssemblyName>
    <TaskClass>CMS.Membership.UpdateDatabaseSession</TaskClass>
    <TaskInterval>minute;9/30/2008 4:30:05 PM;2;00:00:00;23:59:00;Monday,Tuesday,Wednesday,Thursday,Friday,Saturday,Sunday</TaskInterval>
    <TaskData />
    <TaskNextRunTime>2014-12-18T10:46:48+01:00</TaskNextRunTime>
    <TaskEnabled>true</TaskEnabled>
    <TaskDeleteAfterLastRun>false</TaskDeleteAfterLastRun>
    <TaskServerName />
    <TaskGUID>c1c3045d-e252-4fb8-92e0-d9530bb944ec</TaskGUID>
    <TaskLastModified>2014-12-18T10:44:48.3191052+01:00</TaskLastModified>
    <TaskRunInSeparateThread>true</TaskRunInSeparateThread>
    <TaskUseExternalService>false</TaskUseExternalService>
    <TaskAllowExternalService>false</TaskAllowExternalService>
    <TaskCondition />
    <TaskRunIndividually>false</TaskRunIndividually>
  </CMS_ScheduledTask>
</NewDataSet>