<NewDataSet>
  <xs:schema id="NewDataSet" xmlns="" xmlns:xs="http://www.w3.org/2001/XMLSchema" xmlns:msdata="urn:schemas-microsoft-com:xml-msdata" xmlns:msprop="urn:schemas-microsoft-com:xml-msprop">
    <xs:element name="NewDataSet" msdata:IsDataSet="true" msdata:UseCurrentLocale="true" msdata:IsReadOnly="False">
      <xs:complexType>
        <xs:choice minOccurs="0" maxOccurs="unbounded">
          <xs:element name="CMS_WorkflowAction" msprop:IsFromCMSDatabase="True" msprop:CMSHasExternalData="True">
            <xs:complexType>
              <xs:sequence>
                <xs:element name="ActionID" type="xs:int" minOccurs="0" />
                <xs:element name="ActionDisplayName" type="xs:string" minOccurs="0" />
                <xs:element name="ActionName" type="xs:string" minOccurs="0" />
                <xs:element name="ActionParameters" type="xs:string" minOccurs="0" />
                <xs:element name="ActionDescription" type="xs:string" minOccurs="0" />
                <xs:element name="ActionAssemblyName" type="xs:string" minOccurs="0" />
                <xs:element name="ActionClass" type="xs:string" minOccurs="0" />
                <xs:element name="ActionResourceID" type="xs:int" minOccurs="0" />
                <xs:element name="ActionThumbnailGUID" msdata:DataType="System.Guid, mscorlib, Version=4.0.0.0, Culture=neutral, PublicKeyToken=b77a5c561934e089" type="xs:string" minOccurs="0" />
                <xs:element name="ActionGUID" msdata:DataType="System.Guid, mscorlib, Version=4.0.0.0, Culture=neutral, PublicKeyToken=b77a5c561934e089" type="xs:string" minOccurs="0" />
                <xs:element name="ActionLastModified" type="xs:dateTime" minOccurs="0" />
                <xs:element name="ActionEnabled" type="xs:boolean" minOccurs="0" />
                <xs:element name="ActionAllowedObjects" type="xs:string" minOccurs="0" />
                <xs:element name="ActionIconGUID" msdata:DataType="System.Guid, mscorlib, Version=4.0.0.0, Culture=neutral, PublicKeyToken=b77a5c561934e089" type="xs:string" minOccurs="0" />
                <xs:element name="ActionWorkflowType" type="xs:int" minOccurs="0" />
                <xs:element name="ActionIconClass" type="xs:string" minOccurs="0" />
                <xs:element name="ActionThumbnailClass" type="xs:string" minOccurs="0" />
              </xs:sequence>
            </xs:complexType>
          </xs:element>
        </xs:choice>
      </xs:complexType>
    </xs:element>
  </xs:schema>
  <CMS_WorkflowAction>
    <ActionID>33</ActionID>
    <ActionDisplayName>Send notification e-mails</ActionDisplayName>
    <ActionName>Send_notification_e_mails</ActionName>
    <ActionDescription>When a page reaches this step, the system sends out e-mail messages to users involved in the step that immediately follows.</ActionDescription>
    <ActionAssemblyName>CMS.DocumentEngine</ActionAssemblyName>
    <ActionClass>CMS.DocumentEngine.NotificationEmailsAction</ActionClass>
    <ActionGUID>f8f22875-d971-48b5-8876-41494aee59de</ActionGUID>
    <ActionLastModified>2014-06-23T09:05:54.8662162+02:00</ActionLastModified>
    <ActionEnabled>true</ActionEnabled>
    <ActionAllowedObjects>;##DOCUMENTS##;</ActionAllowedObjects>
    <ActionIconClass>icon-message</ActionIconClass>
    <ActionThumbnailClass>icon-message</ActionThumbnailClass>
  </CMS_WorkflowAction>
  <CMS_WorkflowAction>
    <ActionID>34</ActionID>
    <ActionDisplayName>Send e-mail</ActionDisplayName>
    <ActionName>Send-e-mail</ActionName>
    <ActionParameters>&lt;form&gt;&lt;field column="From" fieldcaption="{$general.fromemail$}" visible="true" columntype="text" fieldtype="CustomUserControl" allowempty="true" columnsize="256" fielddescription="{$wf.action.sendemails.from.desc$}" publicfield="false" guid="03d20e31-9f89-4954-a9ad-435a532dffdd" visibility="none"&gt;&lt;settings&gt;&lt;AutoCompleteShowOnlyCurrentWordInCompletionListItem&gt;False&lt;/AutoCompleteShowOnlyCurrentWordInCompletionListItem&gt;&lt;WatermarkText&gt;Use workflow settings&lt;/WatermarkText&gt;&lt;Trim&gt;False&lt;/Trim&gt;&lt;AutoCompleteFirstRowSelected&gt;False&lt;/AutoCompleteFirstRowSelected&gt;&lt;FilterMode&gt;False&lt;/FilterMode&gt;&lt;controlname&gt;textboxcontrol&lt;/controlname&gt;&lt;AutoCompleteEnableCaching&gt;False&lt;/AutoCompleteEnableCaching&gt;&lt;/settings&gt;&lt;/field&gt;&lt;field column="To" fieldcaption="{$general.toemail$}" visible="true" columntype="longtext" fieldtype="CustomUserControl" fielddescription="{$wf.action.sendemails.to.desc$}" publicfield="false" guid="b0d64701-e65c-42f5-897f-147e95628d4d" visibility="none"&gt;&lt;settings&gt;&lt;AutoCompleteShowOnlyCurrentWordInCompletionListItem&gt;False&lt;/AutoCompleteShowOnlyCurrentWordInCompletionListItem&gt;&lt;Wrap&gt;True&lt;/Wrap&gt;&lt;IsTextArea&gt;True&lt;/IsTextArea&gt;&lt;AutoCompleteFirstRowSelected&gt;False&lt;/AutoCompleteFirstRowSelected&gt;&lt;FilterMode&gt;False&lt;/FilterMode&gt;&lt;controlname&gt;textareacontrol&lt;/controlname&gt;&lt;AutoCompleteEnableCaching&gt;False&lt;/AutoCompleteEnableCaching&gt;&lt;/settings&gt;&lt;/field&gt;&lt;field column="BasedOn" fieldcaption="{$wf.action.sendemails.basedon$}" visible="true" defaultvalue="0" columntype="integer" fieldtype="CustomUserControl" fielddescription="{$wf.action.sendemails.basedon.desc$}" publicfield="false" guid="6cbde5ca-bf84-488b-9c7f-016caf5e2d44" visibility="none" hasdependingfields="true"&gt;&lt;settings&gt;&lt;RepeatDirection&gt;horizontal&lt;/RepeatDirection&gt;&lt;controlname&gt;radiobuttonscontrol&lt;/controlname&gt;&lt;Options&gt;0;E-mail template
1;HTML formated text&lt;/Options&gt;&lt;/settings&gt;&lt;/field&gt;&lt;field column="EmailTemplate" fieldcaption="{$wf.action.sendemails.template$}" visible="true" columntype="text" fieldtype="CustomUserControl" allowempty="true" columnsize="450" fielddescription="{$wf.action.sendemails.template.desc$}" regularexpression="^(?!\s*$).+" minstringlength="1" validationerrormessage="{$emailtemplate_edit.fillcodenamefield$}" publicfield="false" guid="d9a2f538-e097-43b6-ae78-3d6fd6892ec4" visiblemacro="{%BasedOn.Value == &amp;quot;0&amp;quot;|(user)administrator|(hash)13ef7fd9aff84c48d35403e6633f1e36c07718efd6a164ec9438863b085cbcf6%}"&gt;&lt;settings&gt;&lt;TemplateType&gt;workflow&lt;/TemplateType&gt;&lt;controlname&gt;email_template_selector&lt;/controlname&gt;&lt;/settings&gt;&lt;/field&gt;&lt;field column="Subject" fieldcaption="{$general.subject$}" visible="true" columntype="text" fieldtype="CustomUserControl" allowempty="true" columnsize="998" fielddescription="{$wf.action.sendemails.subject.desc$}" publicfield="false" guid="45595d6d-814f-4590-a079-6dd895f9edc0" visibility="none" visiblemacro="{%BasedOn.Value == &amp;quot;1&amp;quot;|(user)administrator|(hash)67471eff4db5c22cf909988f9e8b878767247a18d4bf92cc0b5d101328b44043%}"&gt;&lt;settings&gt;&lt;AutoCompleteShowOnlyCurrentWordInCompletionListItem&gt;False&lt;/AutoCompleteShowOnlyCurrentWordInCompletionListItem&gt;&lt;Trim&gt;False&lt;/Trim&gt;&lt;AutoCompleteFirstRowSelected&gt;False&lt;/AutoCompleteFirstRowSelected&gt;&lt;FilterMode&gt;False&lt;/FilterMode&gt;&lt;controlname&gt;textboxcontrol&lt;/controlname&gt;&lt;AutoCompleteEnableCaching&gt;False&lt;/AutoCompleteEnableCaching&gt;&lt;/settings&gt;&lt;/field&gt;&lt;field column="Body" fieldcaption="{$general.body$}" visible="true" columntype="longtext" fieldtype="CustomUserControl" allowempty="true" fielddescription="{$wf.action.sendemails.body.desc$}" publicfield="false" guid="f4ef4406-3691-44c1-9d02-8ad215c4ec24" visibility="none" visiblemacro="{%BasedOn.Value == &amp;quot;1&amp;quot;|(user)administrator|(hash)67471eff4db5c22cf909988f9e8b878767247a18d4bf92cc0b5d101328b44043%}"&gt;&lt;settings&gt;&lt;Dialogs_Email_Hide&gt;False&lt;/Dialogs_Email_Hide&gt;&lt;Autoresize_Hashtable&gt;True&lt;/Autoresize_Hashtable&gt;&lt;HeightUnitType&gt;PX&lt;/HeightUnitType&gt;&lt;Dialogs_Libraries_Hide&gt;False&lt;/Dialogs_Libraries_Hide&gt;&lt;Dialogs_Attachments_Hide&gt;False&lt;/Dialogs_Attachments_Hide&gt;&lt;Dialogs_Anchor_Hide&gt;False&lt;/Dialogs_Anchor_Hide&gt;&lt;Dialogs_Content_Hide&gt;False&lt;/Dialogs_Content_Hide&gt;&lt;WidthUnitType&gt;PX&lt;/WidthUnitType&gt;&lt;Dialogs_Web_Hide&gt;False&lt;/Dialogs_Web_Hide&gt;&lt;controlname&gt;htmlareacontrol&lt;/controlname&gt;&lt;MediaDialogConfiguration&gt;True&lt;/MediaDialogConfiguration&gt;&lt;/settings&gt;&lt;/field&gt;&lt;/form&gt;</ActionParameters>
    <ActionDescription>Using this step, you can automatically send out e-mail messages according to the step's properties, where you can specify the recipients and the template the e-mails will be based on.</ActionDescription>
    <ActionAssemblyName>CMS.DocumentEngine</ActionAssemblyName>
    <ActionClass>CMS.DocumentEngine.EmailAction</ActionClass>
    <ActionGUID>ad491b58-d6bd-4658-930b-81ddd539743c</ActionGUID>
    <ActionLastModified>2014-03-18T10:03:07.5178295+01:00</ActionLastModified>
    <ActionEnabled>true</ActionEnabled>
    <ActionAllowedObjects>;##DOCUMENTS##;</ActionAllowedObjects>
    <ActionWorkflowType>1</ActionWorkflowType>
    <ActionIconClass>icon-message</ActionIconClass>
    <ActionThumbnailClass>icon-message</ActionThumbnailClass>
  </CMS_WorkflowAction>
  <CMS_WorkflowAction>
    <ActionID>41</ActionID>
    <ActionDisplayName>Move page</ActionDisplayName>
    <ActionName>Move_document</ActionName>
    <ActionParameters>&lt;form&gt;&lt;category name="wf.action.movedoc.source" caption="{$wf.action.movedoc.source$}" visible="True" /&gt;&lt;field column="SourceSiteName" fieldcaption="{$wf.action.movedoc.sourcesite$}" visible="true" columntype="text" fieldtype="CustomUserControl" allowempty="true" columnsize="100" fielddescription="{$wf.action.movedoc.sourcesite.desc$}" publicfield="false" guid="ded207b4-de33-4edf-bccb-13d8dbb8d890" visibility="none"&gt;&lt;settings&gt;&lt;controlname&gt;selectsite&lt;/controlname&gt;&lt;AllowAll&gt;False&lt;/AllowAll&gt;&lt;AllowGlobal&gt;False&lt;/AllowGlobal&gt;&lt;AllowEmpty&gt;True&lt;/AllowEmpty&gt;&lt;/settings&gt;&lt;/field&gt;&lt;field column="SourceAliasPath" fieldcaption="{$wf.action.movedoc.sourcepath$}" visible="true" columntype="text" fieldtype="CustomUserControl" allowempty="true" columnsize="450" fielddescription="{$wf.action.movedoc.sourcepath.desc$}" publicfield="false" guid="d48c15ac-1ffd-4947-8513-3f6aeef6bb73" visibility="none"&gt;&lt;settings&gt;&lt;controlname&gt;selectsinglepath&lt;/controlname&gt;&lt;AllowSetPermissions&gt;False&lt;/AllowSetPermissions&gt;&lt;/settings&gt;&lt;/field&gt;&lt;field column="MoveOnlyChildren" fieldcaption="{$wf.action.movedoc.movechildren$}" visible="true" defaultvalue="true" columntype="boolean" fieldtype="CustomUserControl" allowempty="true" fielddescription="{$wf.action.movedoc.movechildren.desc$}" publicfield="false" guid="cdc2f7a7-e275-4521-8e82-eacf1d995dae" visibility="none"&gt;&lt;settings&gt;&lt;controlname&gt;checkboxcontrol&lt;/controlname&gt;&lt;/settings&gt;&lt;/field&gt;&lt;field column="PreservePermissions" fieldcaption="{$wf.action.movedoc.perm$}" visible="true" defaultvalue="false" columntype="boolean" fieldtype="CustomUserControl" allowempty="true" fielddescription="{$wf.action.movedoc.perm.desc$}" publicfield="false" guid="09313513-b608-4f33-ba1b-83cc8720bc9f" visibility="none"&gt;&lt;settings&gt;&lt;controlname&gt;checkboxcontrol&lt;/controlname&gt;&lt;/settings&gt;&lt;/field&gt;&lt;category name="wf.action.movedoc.target" caption="{$wf.action.movedoc.target$}" visible="True" /&gt;&lt;field column="TargetSiteName" fieldcaption="{$wf.action.movedoc.targetsite$}" visible="true" columntype="text" fieldtype="CustomUserControl" allowempty="true" columnsize="100" fielddescription="{$wf.action.movedoc.targetsite.desc$}" publicfield="false" guid="11f355d2-ab18-429e-a25f-3ac237eeff70" visibility="none"&gt;&lt;settings&gt;&lt;controlname&gt;selectsite&lt;/controlname&gt;&lt;AllowAll&gt;False&lt;/AllowAll&gt;&lt;AllowGlobal&gt;False&lt;/AllowGlobal&gt;&lt;AllowEmpty&gt;True&lt;/AllowEmpty&gt;&lt;/settings&gt;&lt;/field&gt;&lt;field column="TargetAliasPath" fieldcaption="{$wf.action.movedoc.targetpath$}" visible="true" columntype="text" fieldtype="CustomUserControl" columnsize="450" fielddescription="{$wf.action.movedoc.targetpath.desc$}" publicfield="false" guid="206a9ff2-b162-4ced-950b-ba1f11284eb1" visibility="none"&gt;&lt;settings&gt;&lt;controlname&gt;selectsinglepath&lt;/controlname&gt;&lt;AllowSetPermissions&gt;False&lt;/AllowSetPermissions&gt;&lt;/settings&gt;&lt;/field&gt;&lt;/form&gt;</ActionParameters>
    <ActionDescription>Using this step, you can move a page to another location automatically within the workflow process.</ActionDescription>
    <ActionAssemblyName>CMS.DocumentEngine</ActionAssemblyName>
    <ActionClass>CMS.DocumentEngine.MoveDocumentAction</ActionClass>
    <ActionGUID>84e2c8be-f09f-4433-852a-049340d2d07a</ActionGUID>
    <ActionLastModified>2014-06-23T09:06:25.1422435+02:00</ActionLastModified>
    <ActionEnabled>true</ActionEnabled>
    <ActionAllowedObjects>;##DOCUMENTS##;</ActionAllowedObjects>
    <ActionWorkflowType>1</ActionWorkflowType>
    <ActionIconClass>icon-doc-move</ActionIconClass>
    <ActionThumbnailClass>icon-doc-move</ActionThumbnailClass>
  </CMS_WorkflowAction>
  <CMS_WorkflowAction>
    <ActionID>52</ActionID>
    <ActionDisplayName>Send for translation</ActionDisplayName>
    <ActionName>Send_for_translation</ActionName>
    <ActionParameters>&lt;form version="2"&gt;&lt;field column="ServiceName" visible="true" columntype="text" fieldtype="CustomUserControl" columnsize="100" publicfield="false" guid="f6cddde0-157c-4dde-8943-758296d1dc2d" visibility="none" reftype="Required"&gt;&lt;properties&gt;&lt;fielddescription&gt;{$wf.action.sendfortranslation.service.desc$}&lt;/fielddescription&gt;&lt;fieldcaption&gt;{$wf.action.sendfortranslation.service$}&lt;/fieldcaption&gt;&lt;/properties&gt;&lt;settings&gt;&lt;AddGlobalObjectSuffix&gt;False&lt;/AddGlobalObjectSuffix&gt;&lt;controlname&gt;translation_service_selector&lt;/controlname&gt;&lt;AllowEmpty&gt;True&lt;/AllowEmpty&gt;&lt;MaxDisplayedItems&gt;25&lt;/MaxDisplayedItems&gt;&lt;ReturnColumnName&gt;TranslationServiceName&lt;/ReturnColumnName&gt;&lt;RemoveMultipleCommas&gt;False&lt;/RemoveMultipleCommas&gt;&lt;OrderBy&gt;TranslationServiceIsMachine, TranslationServiceDisplayName&lt;/OrderBy&gt;&lt;DialogWindowName&gt;SelectionDialog&lt;/DialogWindowName&gt;&lt;AddGlobalObjectNamePrefix&gt;False&lt;/AddGlobalObjectNamePrefix&gt;&lt;ObjectType&gt;cms.translationservice&lt;/ObjectType&gt;&lt;DialogWindowWidth&gt;668&lt;/DialogWindowWidth&gt;&lt;ItemsPerPage&gt;25&lt;/ItemsPerPage&gt;&lt;AllowAll&gt;False&lt;/AllowAll&gt;&lt;SelectionMode&gt;0&lt;/SelectionMode&gt;&lt;AllowEditTextBox&gt;False&lt;/AllowEditTextBox&gt;&lt;LocalizeItems&gt;True&lt;/LocalizeItems&gt;&lt;AllowDefault&gt;False&lt;/AllowDefault&gt;&lt;ResourcePrefix&gt;wf.action.sendfortranslation&lt;/ResourcePrefix&gt;&lt;DialogWindowHeight&gt;590&lt;/DialogWindowHeight&gt;&lt;MaxDisplayedTotalItems&gt;50&lt;/MaxDisplayedTotalItems&gt;&lt;GlobalObjectSuffix&gt;(global)&lt;/GlobalObjectSuffix&gt;&lt;ValuesSeparator&gt;;&lt;/ValuesSeparator&gt;&lt;/settings&gt;&lt;/field&gt;&lt;field column="TargetLanguage" visible="true" columntype="text" fieldtype="CustomUserControl" columnsize="1000" publicfield="false" guid="c8a39025-05e8-4778-acb4-98c2aac2513e" visibility="none" reftype="Required"&gt;&lt;properties&gt;&lt;fielddescription&gt;{$wf.action.sendfortranslation.language.desc$}&lt;/fielddescription&gt;&lt;fieldcaption&gt;{$translationservice.targetlanguage$}&lt;/fieldcaption&gt;&lt;/properties&gt;&lt;settings&gt;&lt;controlname&gt;uni_selector&lt;/controlname&gt;&lt;AddGlobalObjectSuffix&gt;False&lt;/AddGlobalObjectSuffix&gt;&lt;MaxDisplayedItems&gt;25&lt;/MaxDisplayedItems&gt;&lt;ValuesSeparator&gt;;&lt;/ValuesSeparator&gt;&lt;ReturnColumnName&gt;CultureCode&lt;/ReturnColumnName&gt;&lt;RemoveMultipleCommas&gt;False&lt;/RemoveMultipleCommas&gt;&lt;DialogWindowName&gt;SelectionDialog&lt;/DialogWindowName&gt;&lt;AddGlobalObjectNamePrefix&gt;False&lt;/AddGlobalObjectNamePrefix&gt;&lt;ObjectType&gt;cms.culture&lt;/ObjectType&gt;&lt;AllowEmpty&gt;False&lt;/AllowEmpty&gt;&lt;DialogWindowWidth&gt;668&lt;/DialogWindowWidth&gt;&lt;ItemsPerPage&gt;25&lt;/ItemsPerPage&gt;&lt;AllowEditTextBox&gt;True&lt;/AllowEditTextBox&gt;&lt;SelectionMode&gt;3&lt;/SelectionMode&gt;&lt;AllowAll&gt;False&lt;/AllowAll&gt;&lt;AllowDefault&gt;False&lt;/AllowDefault&gt;&lt;DialogWindowHeight&gt;590&lt;/DialogWindowHeight&gt;&lt;MaxDisplayedTotalItems&gt;50&lt;/MaxDisplayedTotalItems&gt;&lt;GlobalObjectSuffix&gt;(global)&lt;/GlobalObjectSuffix&gt;&lt;LocalizeItems&gt;True&lt;/LocalizeItems&gt;&lt;/settings&gt;&lt;/field&gt;&lt;field column="ProcessBinary" visible="true" columntype="boolean" fieldtype="CustomUserControl" allowempty="true" publicfield="false" guid="ab79f2ee-e090-4747-9f4c-e924520d2961" visibility="none" reftype="Required"&gt;&lt;properties&gt;&lt;fielddescription&gt;{$wf.action.sendfortranslation.processbinary.desc$}&lt;/fielddescription&gt;&lt;defaultvalue&gt;false&lt;/defaultvalue&gt;&lt;fieldcaption&gt;{$wf.action.sendfortranslation.processbinary$}&lt;/fieldcaption&gt;&lt;/properties&gt;&lt;settings&gt;&lt;controlname&gt;checkboxcontrol&lt;/controlname&gt;&lt;/settings&gt;&lt;/field&gt;&lt;field column="Priority" visible="true" columntype="integer" fieldtype="CustomUserControl" allowempty="true" publicfield="false" guid="ed65bf78-c6a8-45f7-9f4b-5d9f4064830f" visibility="none" reftype="Required"&gt;&lt;properties&gt;&lt;fielddescription&gt;{$wf.action.sendfortranslation.priority.desc$}&lt;/fielddescription&gt;&lt;defaultvalue&gt;1&lt;/defaultvalue&gt;&lt;fieldcaption&gt;{$translationservice.priority$}&lt;/fieldcaption&gt;&lt;/properties&gt;&lt;settings&gt;&lt;controlname&gt;translationpriorityselector&lt;/controlname&gt;&lt;/settings&gt;&lt;/field&gt;&lt;field column="Deadline" visible="true" columntype="text" fieldtype="CustomUserControl" allowempty="true" columnsize="100" publicfield="false" guid="fc7bbd89-8d70-449a-8d84-647f5c0f03c6" visibility="none" reftype="Required"&gt;&lt;properties&gt;&lt;fielddescription&gt;{$wf.action.sendfortranslation.deadline.desc$}&lt;/fielddescription&gt;&lt;validationerrormessage&gt;{$translationservice.invaliddeadline$}&lt;/validationerrormessage&gt;&lt;fieldcaption&gt;{$wf.action.sendfortranslation.deadline$}&lt;/fieldcaption&gt;&lt;/properties&gt;&lt;settings&gt;&lt;controlname&gt;due_date_selector&lt;/controlname&gt;&lt;/settings&gt;&lt;/field&gt;&lt;field column="Instructions" visible="true" columntype="text" fieldtype="CustomUserControl" allowempty="true" columnsize="1000" publicfield="false" guid="f107029f-9b67-4a39-99d1-39e690050129" visibility="none" reftype="Required"&gt;&lt;properties&gt;&lt;fielddescription&gt;{$wf.action.sendfortranslation.instructions.desc$}&lt;/fielddescription&gt;&lt;fieldcaption&gt;{$wf.action.sendfortranslation.instructions$}&lt;/fieldcaption&gt;&lt;/properties&gt;&lt;settings&gt;&lt;AutoCompleteEnableCaching&gt;False&lt;/AutoCompleteEnableCaching&gt;&lt;AutoCompleteShowOnlyCurrentWordInCompletionListItem&gt;False&lt;/AutoCompleteShowOnlyCurrentWordInCompletionListItem&gt;&lt;Wrap&gt;True&lt;/Wrap&gt;&lt;IsTextArea&gt;True&lt;/IsTextArea&gt;&lt;AutoCompleteFirstRowSelected&gt;False&lt;/AutoCompleteFirstRowSelected&gt;&lt;controlname&gt;textareacontrol&lt;/controlname&gt;&lt;FilterMode&gt;False&lt;/FilterMode&gt;&lt;/settings&gt;&lt;/field&gt;&lt;/form&gt;</ActionParameters>
    <ActionDescription>Using this step, you can automatically submit a page for translation to a specified translation service. When a page reaches this step, the system creates a new culture version of the page and sets its translation status to Waiting for translation.</ActionDescription>
    <ActionAssemblyName>CMS.TranslationServices</ActionAssemblyName>
    <ActionClass>CMS.TranslationServices.SendForTranslationAction</ActionClass>
    <ActionGUID>13d55af6-b724-43b2-9bfc-d897a5cf98e6</ActionGUID>
    <ActionLastModified>2014-08-15T12:48:58.115925+02:00</ActionLastModified>
    <ActionEnabled>true</ActionEnabled>
    <ActionAllowedObjects>;##DOCUMENTS##;</ActionAllowedObjects>
    <ActionWorkflowType>1</ActionWorkflowType>
    <ActionIconClass> icon-message </ActionIconClass>
    <ActionThumbnailClass> icon-message</ActionThumbnailClass>
  </CMS_WorkflowAction>
  <CMS_WorkflowAction>
    <ActionID>53</ActionID>
    <ActionDisplayName>Import translation</ActionDisplayName>
    <ActionName>Import_translation</ActionName>
    <ActionDescription>When a page reaches this step, the system imports submitted translations of the page.</ActionDescription>
    <ActionAssemblyName>CMS.TranslationServices</ActionAssemblyName>
    <ActionClass>CMS.TranslationServices.ImportTranslationAction</ActionClass>
    <ActionGUID>3f29062f-ea0d-4c5a-a252-94cebc9e4da3</ActionGUID>
    <ActionLastModified>2014-06-23T09:07:43.665095+02:00</ActionLastModified>
    <ActionEnabled>true</ActionEnabled>
    <ActionAllowedObjects>;##DOCUMENTS##;</ActionAllowedObjects>
    <ActionWorkflowType>1</ActionWorkflowType>
    <ActionIconClass>icon-arrow-left-rect</ActionIconClass>
    <ActionThumbnailClass>icon-arrow-left-rect</ActionThumbnailClass>
  </CMS_WorkflowAction>
  <CMS_WorkflowAction>
    <ActionID>55</ActionID>
    <ActionDisplayName>Copy page</ActionDisplayName>
    <ActionName>Copy_document</ActionName>
    <ActionParameters>&lt;form&gt;&lt;category name="wf.action.movedoc.source" caption="{$wf.action.movedoc.source$}" visible="True" /&gt;&lt;field column="SourceSiteName" fieldcaption="{$wf.action.movedoc.sourcesite$}" visible="true" columntype="text" fieldtype="CustomUserControl" allowempty="true" columnsize="100" fielddescription="{$wf.action.copydoc.sourcesite.desc$}" publicfield="false" guid="ded207b4-de33-4edf-bccb-13d8dbb8d890" visibility="none"&gt;&lt;settings&gt;&lt;controlname&gt;selectsite&lt;/controlname&gt;&lt;AllowAll&gt;False&lt;/AllowAll&gt;&lt;AllowGlobal&gt;False&lt;/AllowGlobal&gt;&lt;AllowEmpty&gt;True&lt;/AllowEmpty&gt;&lt;/settings&gt;&lt;/field&gt;&lt;field column="SourceAliasPath" fieldcaption="{$wf.action.movedoc.sourcepath$}" visible="true" columntype="text" fieldtype="CustomUserControl" allowempty="true" columnsize="450" fielddescription="{$wf.action.copydoc.sourcepath.desc$}" publicfield="false" guid="d48c15ac-1ffd-4947-8513-3f6aeef6bb73" visibility="none"&gt;&lt;settings&gt;&lt;controlname&gt;selectsinglepath&lt;/controlname&gt;&lt;AllowSetPermissions&gt;False&lt;/AllowSetPermissions&gt;&lt;/settings&gt;&lt;/field&gt;&lt;field column="IncludeChildren" fieldcaption="{$wf.action.copydoc.children$}" visible="true" defaultvalue="true" columntype="boolean" fieldtype="CustomUserControl" allowempty="true" fielddescription="{$wf.action.copydoc.children.desc$}" publicfield="false" guid="cdc2f7a7-e275-4521-8e82-eacf1d995dae" visibility="none"&gt;&lt;settings&gt;&lt;controlname&gt;checkboxcontrol&lt;/controlname&gt;&lt;/settings&gt;&lt;/field&gt;&lt;field column="CopyPermissions" fieldcaption="{$wf.action.copydoc.perm$}" visible="true" defaultvalue="false" columntype="boolean" fieldtype="CustomUserControl" allowempty="true" fielddescription="{$wf.action.copydoc.perm.desc$}" publicfield="false" guid="09313513-b608-4f33-ba1b-83cc8720bc9f" visibility="none"&gt;&lt;settings&gt;&lt;controlname&gt;checkboxcontrol&lt;/controlname&gt;&lt;/settings&gt;&lt;/field&gt;&lt;category name="wf.action.movedoc.target" caption="{$wf.action.movedoc.target$}" visible="True" /&gt;&lt;field column="TargetSiteName" fieldcaption="{$wf.action.movedoc.targetsite$}" visible="true" columntype="text" fieldtype="CustomUserControl" allowempty="true" columnsize="100" fielddescription="{$wf.action.copydoc.targetsite.desc$}" publicfield="false" guid="11f355d2-ab18-429e-a25f-3ac237eeff70" visibility="none"&gt;&lt;settings&gt;&lt;controlname&gt;selectsite&lt;/controlname&gt;&lt;AllowAll&gt;False&lt;/AllowAll&gt;&lt;AllowGlobal&gt;False&lt;/AllowGlobal&gt;&lt;AllowEmpty&gt;True&lt;/AllowEmpty&gt;&lt;/settings&gt;&lt;/field&gt;&lt;field column="TargetAliasPath" fieldcaption="{$wf.action.movedoc.targetpath$}" visible="true" columntype="text" fieldtype="CustomUserControl" columnsize="450" fielddescription="{$wf.action.copydoc.targetpath.desc$}" publicfield="false" guid="206a9ff2-b162-4ced-950b-ba1f11284eb1" visibility="none"&gt;&lt;settings&gt;&lt;controlname&gt;selectsinglepath&lt;/controlname&gt;&lt;AllowSetPermissions&gt;False&lt;/AllowSetPermissions&gt;&lt;/settings&gt;&lt;/field&gt;&lt;/form&gt;</ActionParameters>
    <ActionDescription>Using this step, you can automatically copy a specified page within the workflow process.</ActionDescription>
    <ActionAssemblyName>CMS.DocumentEngine</ActionAssemblyName>
    <ActionClass>CMS.DocumentEngine.CopyDocumentAction</ActionClass>
    <ActionGUID>49b18179-010f-4d66-b7cd-d6f696ac3024</ActionGUID>
    <ActionLastModified>2014-06-23T09:05:02.1909492+02:00</ActionLastModified>
    <ActionEnabled>true</ActionEnabled>
    <ActionAllowedObjects>;##DOCUMENTS##;</ActionAllowedObjects>
    <ActionWorkflowType>1</ActionWorkflowType>
    <ActionIconClass>icon-doc-copy</ActionIconClass>
    <ActionThumbnailClass>icon-doc-copy</ActionThumbnailClass>
  </CMS_WorkflowAction>
  <CMS_WorkflowAction>
    <ActionID>56</ActionID>
    <ActionDisplayName>Link page</ActionDisplayName>
    <ActionName>Link_document</ActionName>
    <ActionParameters>&lt;form&gt;&lt;category name="wf.action.movedoc.source" caption="{$wf.action.movedoc.source$}" visible="True" /&gt;&lt;field column="SourceSiteName" fieldcaption="{$wf.action.movedoc.sourcesite$}" visible="true" columntype="text" fieldtype="CustomUserControl" allowempty="true" columnsize="100" fielddescription="{$wf.action.linkdoc.sourcesite.desc$}" publicfield="false" guid="ded207b4-de33-4edf-bccb-13d8dbb8d890" visibility="none"&gt;&lt;settings&gt;&lt;controlname&gt;selectsite&lt;/controlname&gt;&lt;AllowAll&gt;False&lt;/AllowAll&gt;&lt;AllowGlobal&gt;False&lt;/AllowGlobal&gt;&lt;AllowEmpty&gt;True&lt;/AllowEmpty&gt;&lt;/settings&gt;&lt;/field&gt;&lt;field column="SourceAliasPath" fieldcaption="{$wf.action.movedoc.sourcepath$}" visible="true" columntype="text" fieldtype="CustomUserControl" allowempty="true" columnsize="450" fielddescription="{$wf.action.linkdoc.sourcepath.desc$}" publicfield="false" guid="d48c15ac-1ffd-4947-8513-3f6aeef6bb73" visibility="none"&gt;&lt;settings&gt;&lt;controlname&gt;selectsinglepath&lt;/controlname&gt;&lt;AllowSetPermissions&gt;False&lt;/AllowSetPermissions&gt;&lt;/settings&gt;&lt;/field&gt;&lt;field column="IncludeChildren" fieldcaption="{$wf.action.copydoc.children$}" visible="true" defaultvalue="true" columntype="boolean" fieldtype="CustomUserControl" allowempty="true" fielddescription="{$wf.action.linkdoc.children.desc$}" publicfield="false" guid="cdc2f7a7-e275-4521-8e82-eacf1d995dae" visibility="none"&gt;&lt;settings&gt;&lt;controlname&gt;checkboxcontrol&lt;/controlname&gt;&lt;/settings&gt;&lt;/field&gt;&lt;field column="CopyPermissions" fieldcaption="{$wf.action.copydoc.perm$}" visible="true" defaultvalue="false" columntype="boolean" fieldtype="CustomUserControl" allowempty="true" fielddescription="{$wf.action.linkdoc.perm.desc$}" publicfield="false" guid="09313513-b608-4f33-ba1b-83cc8720bc9f" visibility="none"&gt;&lt;settings&gt;&lt;controlname&gt;checkboxcontrol&lt;/controlname&gt;&lt;/settings&gt;&lt;/field&gt;&lt;category name="wf.action.movedoc.target" caption="{$wf.action.movedoc.target$}" visible="True" /&gt;&lt;field column="TargetSiteName" fieldcaption="{$wf.action.movedoc.targetsite$}" visible="true" columntype="text" fieldtype="CustomUserControl" allowempty="true" columnsize="100" fielddescription="{$wf.action.linkdoc.targetsite.desc$}" publicfield="false" guid="11f355d2-ab18-429e-a25f-3ac237eeff70" visibility="none"&gt;&lt;settings&gt;&lt;controlname&gt;selectsite&lt;/controlname&gt;&lt;AllowAll&gt;False&lt;/AllowAll&gt;&lt;AllowGlobal&gt;False&lt;/AllowGlobal&gt;&lt;AllowEmpty&gt;True&lt;/AllowEmpty&gt;&lt;/settings&gt;&lt;/field&gt;&lt;field column="TargetAliasPath" fieldcaption="{$wf.action.movedoc.targetpath$}" visible="true" columntype="text" fieldtype="CustomUserControl" columnsize="450" fielddescription="{$wf.action.linkdoc.targetpath.desc$}" publicfield="false" guid="206a9ff2-b162-4ced-950b-ba1f11284eb1" visibility="none"&gt;&lt;settings&gt;&lt;controlname&gt;selectsinglepath&lt;/controlname&gt;&lt;AllowSetPermissions&gt;False&lt;/AllowSetPermissions&gt;&lt;/settings&gt;&lt;/field&gt;&lt;/form&gt;</ActionParameters>
    <ActionDescription>Using this step, you can create a linked page automatically within a workflow process.</ActionDescription>
    <ActionAssemblyName>CMS.DocumentEngine</ActionAssemblyName>
    <ActionClass>CMS.DocumentEngine.LinkDocumentAction</ActionClass>
    <ActionGUID>78c0a0a5-c539-42ee-8af7-d24e0c66412f</ActionGUID>
    <ActionLastModified>2014-06-23T09:08:56.4413719+02:00</ActionLastModified>
    <ActionEnabled>true</ActionEnabled>
    <ActionAllowedObjects>;##DOCUMENTS##;</ActionAllowedObjects>
    <ActionWorkflowType>1</ActionWorkflowType>
    <ActionIconClass> icon-chain </ActionIconClass>
    <ActionThumbnailClass> icon-chain </ActionThumbnailClass>
  </CMS_WorkflowAction>
  <CMS_WorkflowAction>
    <ActionID>57</ActionID>
    <ActionDisplayName>Set page property</ActionDisplayName>
    <ActionName>Set_document_prop</ActionName>
    <ActionParameters>&lt;form&gt;&lt;field column="SourceSiteName" fieldcaption="{$wf.action.movedoc.sourcesite$}" visible="true" columntype="text" fieldtype="CustomUserControl" allowempty="true" columnsize="100" fielddescription="{$wf.action.docprop.sourcesite.desc$}" publicfield="false" guid="ded207b4-de33-4edf-bccb-13d8dbb8d890" visibility="none"&gt;&lt;settings&gt;&lt;controlname&gt;selectsite&lt;/controlname&gt;&lt;AllowAll&gt;False&lt;/AllowAll&gt;&lt;AllowGlobal&gt;False&lt;/AllowGlobal&gt;&lt;AllowEmpty&gt;True&lt;/AllowEmpty&gt;&lt;/settings&gt;&lt;/field&gt;&lt;field column="SourceAliasPath" fieldcaption="{$wf.action.movedoc.sourcepath$}" visible="true" columntype="text" fieldtype="CustomUserControl" allowempty="true" columnsize="450" fielddescription="{$wf.action.docprop.sourcepath.desc$}" publicfield="false" guid="d48c15ac-1ffd-4947-8513-3f6aeef6bb73" visibility="none"&gt;&lt;settings&gt;&lt;controlname&gt;selectsinglepath&lt;/controlname&gt;&lt;AllowSetPermissions&gt;False&lt;/AllowSetPermissions&gt;&lt;/settings&gt;&lt;/field&gt;&lt;field column="PropertyName" fieldcaption="{$wf.action.docprop.prop$}" visible="true" columntype="text" fieldtype="CustomUserControl" columnsize="200" fielddescription="{$wf.action.docprop.prop.desc$}" publicfield="false" guid="cdc2f7a7-e275-4521-8e82-eacf1d995dae" visibility="none"&gt;&lt;settings&gt;&lt;AutoCompleteShowOnlyCurrentWordInCompletionListItem&gt;False&lt;/AutoCompleteShowOnlyCurrentWordInCompletionListItem&gt;&lt;AutoCompleteFirstRowSelected&gt;False&lt;/AutoCompleteFirstRowSelected&gt;&lt;controlname&gt;textboxcontrol&lt;/controlname&gt;&lt;FilterMode&gt;False&lt;/FilterMode&gt;&lt;Trim&gt;False&lt;/Trim&gt;&lt;AutoCompleteEnableCaching&gt;False&lt;/AutoCompleteEnableCaching&gt;&lt;/settings&gt;&lt;/field&gt;&lt;field column="PropertyValue" fieldcaption="{$wf.action.docprop.value$}" visible="true" columntype="longtext" fieldtype="CustomUserControl" allowempty="true" fielddescription="{$wf.action.docprop.value.desc$}" publicfield="false" guid="09313513-b608-4f33-ba1b-83cc8720bc9f" visibility="none"&gt;&lt;settings&gt;&lt;Wrap&gt;False&lt;/Wrap&gt;&lt;AutoCompleteFirstRowSelected&gt;False&lt;/AutoCompleteFirstRowSelected&gt;&lt;AutoCompleteShowOnlyCurrentWordInCompletionListItem&gt;False&lt;/AutoCompleteShowOnlyCurrentWordInCompletionListItem&gt;&lt;FilterMode&gt;False&lt;/FilterMode&gt;&lt;AutoCompleteEnableCaching&gt;False&lt;/AutoCompleteEnableCaching&gt;&lt;IsTextArea&gt;True&lt;/IsTextArea&gt;&lt;controlname&gt;textareacontrol&lt;/controlname&gt;&lt;/settings&gt;&lt;/field&gt;&lt;/form&gt;</ActionParameters>
    <ActionDescription>Using this step, you can modify a property of a page automatically within the workflow process.</ActionDescription>
    <ActionAssemblyName>CMS.DocumentEngine</ActionAssemblyName>
    <ActionClass>CMS.DocumentEngine.DocumentPropertyAction</ActionClass>
    <ActionGUID>191b2d38-99e2-441c-86e3-a8cb824320e5</ActionGUID>
    <ActionLastModified>2014-06-23T09:09:31.0468321+02:00</ActionLastModified>
    <ActionEnabled>true</ActionEnabled>
    <ActionAllowedObjects>;##DOCUMENTS##;</ActionAllowedObjects>
    <ActionWorkflowType>1</ActionWorkflowType>
    <ActionIconClass>icon-edit</ActionIconClass>
    <ActionThumbnailClass>icon-edit</ActionThumbnailClass>
  </CMS_WorkflowAction>
  <CMS_WorkflowAction>
    <ActionID>58</ActionID>
    <ActionDisplayName>Synchronize page</ActionDisplayName>
    <ActionName>Synchronize_document</ActionName>
    <ActionParameters>&lt;form&gt;&lt;field column="SourceSiteName" fieldcaption="{$wf.action.movedoc.sourcesite$}" visible="true" columntype="text" fieldtype="CustomUserControl" allowempty="true" columnsize="100" fielddescription="{$wf.action.syncdoc.sourcesite.desc$}" publicfield="false" guid="ded207b4-de33-4edf-bccb-13d8dbb8d890" visibility="none"&gt;&lt;settings&gt;&lt;controlname&gt;selectsite&lt;/controlname&gt;&lt;AllowAll&gt;False&lt;/AllowAll&gt;&lt;AllowGlobal&gt;False&lt;/AllowGlobal&gt;&lt;AllowEmpty&gt;True&lt;/AllowEmpty&gt;&lt;/settings&gt;&lt;/field&gt;&lt;field column="SourceAliasPath" fieldcaption="{$wf.action.movedoc.sourcepath$}" visible="true" columntype="text" fieldtype="CustomUserControl" allowempty="true" columnsize="450" fielddescription="{$wf.action.syncdoc.sourcepath.desc$}" publicfield="false" guid="d48c15ac-1ffd-4947-8513-3f6aeef6bb73" visibility="none"&gt;&lt;settings&gt;&lt;controlname&gt;selectsinglepath&lt;/controlname&gt;&lt;AllowSetPermissions&gt;False&lt;/AllowSetPermissions&gt;&lt;/settings&gt;&lt;/field&gt;&lt;field column="IncludeChildren" fieldcaption="{$wf.action.copydoc.children$}" visible="true" defaultvalue="true" columntype="boolean" fieldtype="CustomUserControl" allowempty="true" fielddescription="{$wf.action.syncdoc.children.desc$}" publicfield="false" guid="cdc2f7a7-e275-4521-8e82-eacf1d995dae" visibility="none"&gt;&lt;settings&gt;&lt;controlname&gt;checkboxcontrol&lt;/controlname&gt;&lt;/settings&gt;&lt;/field&gt;&lt;field column="LogTasks" fieldcaption="{$wf.action.syncdoc.logtasks$}" visible="true" defaultvalue="false" columntype="boolean" fieldtype="CustomUserControl" allowempty="true" fielddescription="{$wf.action.syncdoc.logtasks.desc$}" publicfield="false" guid="feeb9487-2ae7-4515-8165-7b34c0dbef2d" visibility="none"&gt;&lt;settings&gt;&lt;controlname&gt;checkboxcontrol&lt;/controlname&gt;&lt;/settings&gt;&lt;/field&gt;&lt;/form&gt;</ActionParameters>
    <ActionDescription>Using this step, you can sychronize pages to other staging servers automatically within the workflow process.</ActionDescription>
    <ActionAssemblyName>CMS.SynchronizationEngine</ActionAssemblyName>
    <ActionClass>CMS.Synchronization.SynchronizeDocumentAction</ActionClass>
    <ActionGUID>44a6895c-521b-4fc4-901b-31c1d1516895</ActionGUID>
    <ActionLastModified>2014-06-23T09:10:01.3408612+02:00</ActionLastModified>
    <ActionEnabled>true</ActionEnabled>
    <ActionAllowedObjects>;##DOCUMENTS##;</ActionAllowedObjects>
    <ActionWorkflowType>1</ActionWorkflowType>
    <ActionIconClass>icon-rotate-double-right</ActionIconClass>
    <ActionThumbnailClass>icon-rotate-double-right</ActionThumbnailClass>
  </CMS_WorkflowAction>
  <CMS_WorkflowAction>
    <ActionID>59</ActionID>
    <ActionDisplayName>Delete page</ActionDisplayName>
    <ActionName>Delete_document</ActionName>
    <ActionParameters>&lt;form version="2"&gt;&lt;category name="wf.action.movedoc.source"&gt;&lt;properties&gt;&lt;caption&gt;{$wf.action.movedoc.source$}&lt;/caption&gt;&lt;visible&gt;True&lt;/visible&gt;&lt;/properties&gt;&lt;/category&gt;&lt;field column="SourceSiteName" visible="true" columntype="text" fieldtype="CustomUserControl" allowempty="true" columnsize="100" publicfield="false" guid="ded207b4-de33-4edf-bccb-13d8dbb8d890" visibility="none" reftype="Required"&gt;&lt;properties&gt;&lt;fielddescription&gt;{$wf.action.deletedoc.sourcesite.desc$}&lt;/fielddescription&gt;&lt;fieldcaption&gt;{$wf.action.movedoc.sourcesite$}&lt;/fieldcaption&gt;&lt;/properties&gt;&lt;settings&gt;&lt;AllowGlobal&gt;False&lt;/AllowGlobal&gt;&lt;AllowAll&gt;False&lt;/AllowAll&gt;&lt;controlname&gt;selectsite&lt;/controlname&gt;&lt;AllowEmpty&gt;True&lt;/AllowEmpty&gt;&lt;/settings&gt;&lt;/field&gt;&lt;field column="SourceAliasPath" visible="true" columntype="text" fieldtype="CustomUserControl" allowempty="true" columnsize="450" publicfield="false" guid="d48c15ac-1ffd-4947-8513-3f6aeef6bb73" visibility="none" reftype="Required"&gt;&lt;properties&gt;&lt;fielddescription&gt;{$wf.action.deletedoc.sourcepath.desc$}&lt;/fielddescription&gt;&lt;fieldcaption&gt;{$wf.action.movedoc.sourcepath$}&lt;/fieldcaption&gt;&lt;/properties&gt;&lt;settings&gt;&lt;AllowSetPermissions&gt;False&lt;/AllowSetPermissions&gt;&lt;controlname&gt;selectsinglepath&lt;/controlname&gt;&lt;/settings&gt;&lt;/field&gt;&lt;category name="ContentDelete.Documents"&gt;&lt;properties&gt;&lt;caption&gt;{$general.pages$}&lt;/caption&gt;&lt;visible&gt;True&lt;/visible&gt;&lt;/properties&gt;&lt;/category&gt;&lt;field column="DestroyDocument" visible="true" columntype="boolean" fieldtype="CustomUserControl" allowempty="true" publicfield="false" guid="fe1d843b-6d7f-4815-8326-fcfd9b78be21" visibility="none" reftype="Required"&gt;&lt;properties&gt;&lt;fielddescription&gt;{$wf.action.deletedoc.destroy.desc$}&lt;/fielddescription&gt;&lt;defaultvalue&gt;false&lt;/defaultvalue&gt;&lt;fieldcaption&gt;{$wf.action.deletedoc.destroy$}&lt;/fieldcaption&gt;&lt;/properties&gt;&lt;settings&gt;&lt;controlname&gt;checkboxcontrol&lt;/controlname&gt;&lt;/settings&gt;&lt;/field&gt;&lt;field column="DeleteAllCultures" visible="true" columntype="boolean" fieldtype="CustomUserControl" allowempty="true" publicfield="false" guid="5c4d80e7-8c3e-4ce2-9691-64fec998986d" visibility="none" reftype="Required"&gt;&lt;properties&gt;&lt;fielddescription&gt;{$wf.action.deletedoc.allcultures.desc$}&lt;/fielddescription&gt;&lt;defaultvalue&gt;false&lt;/defaultvalue&gt;&lt;fieldcaption&gt;{$wf.action.deletedoc.allcultures$}&lt;/fieldcaption&gt;&lt;/properties&gt;&lt;settings&gt;&lt;controlname&gt;checkboxcontrol&lt;/controlname&gt;&lt;/settings&gt;&lt;/field&gt;&lt;category name="ContentDelete.AssignedSKUs"&gt;&lt;properties&gt;&lt;caption&gt;{$ContentDelete.AssignedSKUs$}&lt;/caption&gt;&lt;visible&gt;True&lt;/visible&gt;&lt;/properties&gt;&lt;/category&gt;&lt;field column="DeleteSKUsAction" visible="true" columntype="text" fieldtype="CustomUserControl" allowempty="true" columnsize="50" publicfield="false" guid="30c42914-db19-4898-ac62-7dda1c38f68e" visibility="none" reftype="Required"&gt;&lt;properties&gt;&lt;fielddescription&gt;{$wf.action.deletedoc.skuaction.desc$}&lt;/fielddescription&gt;&lt;fieldcaption&gt;{$wf.action.deletedoc.skuaction$}&lt;/fieldcaption&gt;&lt;/properties&gt;&lt;settings&gt;&lt;RepeatDirection&gt;vertical&lt;/RepeatDirection&gt;&lt;controlname&gt;radiobuttonscontrol&lt;/controlname&gt;&lt;Options&gt;delete;{$ContentDelete.SKU.delete$}
deleteordisable;{$ContentDelete.SKU.deleteordisable$}
disable;{$ContentDelete.SKU.disable$}
;{$ContentDelete.SKU.noaction$}&lt;/Options&gt;&lt;/settings&gt;&lt;/field&gt;&lt;category name="ContentDelete.Seo"&gt;&lt;properties&gt;&lt;caption&gt;{$ContentDelete.Seo$}&lt;/caption&gt;&lt;visible&gt;True&lt;/visible&gt;&lt;/properties&gt;&lt;/category&gt;&lt;field column="AlternatingAliasPath" visible="true" columntype="text" fieldtype="CustomUserControl" allowempty="true" columnsize="450" publicfield="false" guid="e65dfe60-6039-4bfa-ac0c-f8eb1539693d" visibility="none" reftype="Required"&gt;&lt;properties&gt;&lt;fielddescription&gt;{$wf.action.deletedoc.altpath.desc$}&lt;/fielddescription&gt;&lt;fieldcaption&gt;{$content.delete.altpath$}&lt;/fieldcaption&gt;&lt;/properties&gt;&lt;settings&gt;&lt;AllowSetPermissions&gt;False&lt;/AllowSetPermissions&gt;&lt;controlname&gt;selectsinglepath&lt;/controlname&gt;&lt;/settings&gt;&lt;/field&gt;&lt;field column="AlternatingDocumentCopyAllPaths" visible="true" columntype="boolean" fieldtype="CustomUserControl" allowempty="true" publicfield="false" guid="c74e5bd7-ba27-4fc4-a2c2-2472b3769cca" visibility="none" reftype="Required"&gt;&lt;properties&gt;&lt;fielddescription&gt;{$wf.action.deletedoc.altaliases.desc$}&lt;/fielddescription&gt;&lt;defaultvalue&gt;true&lt;/defaultvalue&gt;&lt;fieldcaption&gt;{$content.delete.altaliases$}&lt;/fieldcaption&gt;&lt;/properties&gt;&lt;settings&gt;&lt;controlname&gt;checkboxcontrol&lt;/controlname&gt;&lt;/settings&gt;&lt;/field&gt;&lt;field column="AlternatingDocumentChildren" visible="true" columntype="boolean" fieldtype="CustomUserControl" allowempty="true" publicfield="false" guid="cdc2f7a7-e275-4521-8e82-eacf1d995dae" visibility="none" reftype="Required"&gt;&lt;properties&gt;&lt;fielddescription&gt;{$wf.action.deletedoc.altsub.desc$}&lt;/fielddescription&gt;&lt;defaultvalue&gt;false&lt;/defaultvalue&gt;&lt;fieldcaption&gt;{$content.delete.altsub$}&lt;/fieldcaption&gt;&lt;/properties&gt;&lt;settings&gt;&lt;controlname&gt;checkboxcontrol&lt;/controlname&gt;&lt;/settings&gt;&lt;/field&gt;&lt;/form&gt;</ActionParameters>
    <ActionDescription>Using this step, you can delete a specified page automatically within the workflow process.</ActionDescription>
    <ActionAssemblyName>CMS.DocumentEngine</ActionAssemblyName>
    <ActionClass>CMS.DocumentEngine.DeleteDocumentAction</ActionClass>
    <ActionGUID>cc4b581a-d007-40d9-899c-b6494c47c59e</ActionGUID>
    <ActionLastModified>2014-06-23T09:10:44.8482115+02:00</ActionLastModified>
    <ActionEnabled>true</ActionEnabled>
    <ActionAllowedObjects>;##DOCUMENTS##;</ActionAllowedObjects>
    <ActionWorkflowType>1</ActionWorkflowType>
    <ActionIconClass>icon-bin</ActionIconClass>
    <ActionThumbnailClass>icon-bin</ActionThumbnailClass>
  </CMS_WorkflowAction>
  <CMS_WorkflowAction>
    <ActionID>141</ActionID>
    <ActionDisplayName>Publish to Facebook</ActionDisplayName>
    <ActionName>Publish_to_Facebook</ActionName>
    <ActionParameters>&lt;form version="2"&gt;&lt;field column="Text" visible="true" columntype="longtext" fieldtype="CustomUserControl" publicfield="false" guid="0222a943-ff70-4929-adbe-a29eb2f44c4c" visibility="none" reftype="Required"&gt;&lt;properties&gt;&lt;maxvalue&gt;60000&lt;/maxvalue&gt;&lt;fielddescription&gt;{$wf.action.facebook.text.desc$}&lt;/fielddescription&gt;&lt;explanationtext&gt;{$sm.facebook.autopost.macrohint$}&lt;/explanationtext&gt;&lt;fieldcaption&gt;{$general.text$}&lt;/fieldcaption&gt;&lt;/properties&gt;&lt;settings&gt;&lt;controlname&gt;largetextarea&lt;/controlname&gt;&lt;/settings&gt;&lt;/field&gt;&lt;field column="URLShortenerType" visible="true" columntype="integer" fieldtype="CustomUserControl" allowempty="true" publicfield="false" guid="d2e24609-55e2-4608-9b90-a6b3c9decb45" reftype="Required"&gt;&lt;properties&gt;&lt;fielddescription&gt;{$sm.facebook.posts.urlshortener.description$}&lt;/fielddescription&gt;&lt;fieldcaption&gt;{$sm.facebook.posts.urlshortener$}&lt;/fieldcaption&gt;&lt;/properties&gt;&lt;settings&gt;&lt;controlname&gt;availableurlshortenerselector&lt;/controlname&gt;&lt;SocialNetworkName&gt;Facebook&lt;/SocialNetworkName&gt;&lt;/settings&gt;&lt;/field&gt;&lt;/form&gt;</ActionParameters>
    <ActionDescription>Using this step, you can automatically publish status updates to the Facebook page specified in the site's settings.</ActionDescription>
    <ActionAssemblyName>CMS.SocialMarketing</ActionAssemblyName>
    <ActionClass>CMS.SocialMarketing.FacebookAction</ActionClass>
    <ActionResourceID>350</ActionResourceID>
    <ActionGUID>f3204125-ddad-466a-b52f-95d00c7a89c1</ActionGUID>
    <ActionLastModified>2014-07-07T15:05:54.4268996+02:00</ActionLastModified>
    <ActionEnabled>true</ActionEnabled>
    <ActionAllowedObjects>;##DOCUMENTS##;</ActionAllowedObjects>
    <ActionIconClass> icon-brand-facebook </ActionIconClass>
    <ActionThumbnailClass> icon-brand-facebook </ActionThumbnailClass>
  </CMS_WorkflowAction>
  <CMS_WorkflowAction>
    <ActionID>142</ActionID>
    <ActionDisplayName>Publish to Twitter</ActionDisplayName>
    <ActionName>Publish_to_Twitter</ActionName>
    <ActionParameters>&lt;form version="2"&gt;&lt;field column="Text" visible="true" columntype="longtext" fieldtype="CustomUserControl" publicfield="false" guid="a084c23a-c099-43b8-ad13-4da78b2db325" visibility="none" reftype="Required"&gt;&lt;properties&gt;&lt;fielddescription&gt;{$wf.action.twitter.text.desc$}&lt;/fielddescription&gt;&lt;explanationtext&gt;{$sm.twitter.autopost.macrohint$}&lt;/explanationtext&gt;&lt;fieldcaption&gt;{$general.text$}&lt;/fieldcaption&gt;&lt;/properties&gt;&lt;settings&gt;&lt;controlname&gt;smtwitterposttextarea&lt;/controlname&gt;&lt;/settings&gt;&lt;/field&gt;&lt;field column="URLShortenerType" visible="true" columntype="integer" fieldtype="CustomUserControl" allowempty="true" publicfield="false" guid="a5fdfdb2-c5ce-4dec-81f2-2e69ff27a382" reftype="Required"&gt;&lt;properties&gt;&lt;fielddescription&gt;{$sm.twitter.posts.urlshortener.description$}&lt;/fielddescription&gt;&lt;fieldcaption&gt;{$sm.twitter.posts.urlshortener$}&lt;/fieldcaption&gt;&lt;/properties&gt;&lt;settings&gt;&lt;controlname&gt;availableurlshortenerselector&lt;/controlname&gt;&lt;SocialNetworkName&gt;Twitter&lt;/SocialNetworkName&gt;&lt;/settings&gt;&lt;/field&gt;&lt;/form&gt;</ActionParameters>
    <ActionDescription>Using this step, you can automatically publish tweets using the Twitter account specified in the site's settings.</ActionDescription>
    <ActionAssemblyName>CMS.SocialMarketing</ActionAssemblyName>
    <ActionClass>CMS.SocialMarketing.TwitterAction</ActionClass>
    <ActionResourceID>350</ActionResourceID>
    <ActionGUID>89787876-a15f-4948-afaf-2b22258e0bd8</ActionGUID>
    <ActionLastModified>2014-07-07T15:06:08.0022591+02:00</ActionLastModified>
    <ActionEnabled>true</ActionEnabled>
    <ActionAllowedObjects>;##DOCUMENTS##;</ActionAllowedObjects>
    <ActionIconClass> icon-brand-twitter </ActionIconClass>
    <ActionThumbnailClass> icon-brand-twitter </ActionThumbnailClass>
  </CMS_WorkflowAction>
  <CMS_WorkflowAction>
    <ActionID>188</ActionID>
    <ActionDisplayName>Publish to LinkedIn</ActionDisplayName>
    <ActionName>PublishToLinkedIn</ActionName>
    <ActionParameters>&lt;form version="2"&gt;&lt;field column="Text" visible="true" columntype="longtext" fieldtype="CustomUserControl" publicfield="false" guid="69804333-fa38-49ee-8eec-8f4665c336c6" reftype="Required"&gt;&lt;properties&gt;&lt;fielddescription&gt;{$wf.action.linkedin.text.desc$}&lt;/fielddescription&gt;&lt;explanationtext&gt;{$sm.linkedin.autopost.macrohint$}&lt;/explanationtext&gt;&lt;fieldcaption&gt;{$general.text$}&lt;/fieldcaption&gt;&lt;/properties&gt;&lt;settings&gt;&lt;controlname&gt;LargeTextArea&lt;/controlname&gt;&lt;/settings&gt;&lt;/field&gt;&lt;field column="URLShortenerType" visible="true" columntype="integer" fieldtype="CustomUserControl" allowempty="true" publicfield="false" guid="a0de834a-91a4-445c-873f-b4c93934faec" reftype="Required"&gt;&lt;properties&gt;&lt;fielddescription&gt;{$sm.linkedin.posts.urlshortener.description$}&lt;/fielddescription&gt;&lt;fieldcaption&gt;{$sm.linkedin.posts.urlshortener$}&lt;/fieldcaption&gt;&lt;/properties&gt;&lt;settings&gt;&lt;controlname&gt;AvailableURLShortenerSelector&lt;/controlname&gt;&lt;SocialNetworkName&gt;LinkedIn&lt;/SocialNetworkName&gt;&lt;/settings&gt;&lt;/field&gt;&lt;/form&gt;</ActionParameters>
    <ActionDescription>Using this step, you can automatically publish shares to the default LinkedIn company profile specified in LinkedIn app.</ActionDescription>
    <ActionAssemblyName>CMS.SocialMarketing</ActionAssemblyName>
    <ActionClass>CMS.SocialMarketing.LinkedInAction</ActionClass>
    <ActionResourceID>350</ActionResourceID>
    <ActionGUID>bc702cf4-2acb-4d7c-913c-08c0fc3cb838</ActionGUID>
    <ActionLastModified>2014-07-07T15:30:34.0025224+02:00</ActionLastModified>
    <ActionEnabled>true</ActionEnabled>
    <ActionIconClass> icon-brand-linkedin</ActionIconClass>
    <ActionThumbnailClass> icon-brand-linkedin</ActionThumbnailClass>
  </CMS_WorkflowAction>
  <CMS_WorkflowAction>
    <ActionID>96</ActionID>
    <ActionDisplayName>Send e-mail</ActionDisplayName>
    <ActionName>Send_e-mail</ActionName>
    <ActionParameters>&lt;form version="2"&gt;&lt;field column="From" visible="true" columntype="text" fieldtype="CustomUserControl" columnsize="256" publicfield="false" guid="03d20e31-9f89-4954-a9ad-435a532dffdd" visibility="none" reftype="Required"&gt;&lt;properties&gt;&lt;fielddescription&gt;{$ma.action.sendemails.from.desc$}&lt;/fielddescription&gt;&lt;fieldcaption&gt;{$general.fromemail$}&lt;/fieldcaption&gt;&lt;/properties&gt;&lt;settings&gt;&lt;AutoCompleteEnableCaching&gt;False&lt;/AutoCompleteEnableCaching&gt;&lt;AutoCompleteShowOnlyCurrentWordInCompletionListItem&gt;False&lt;/AutoCompleteShowOnlyCurrentWordInCompletionListItem&gt;&lt;Trim&gt;False&lt;/Trim&gt;&lt;AutoCompleteFirstRowSelected&gt;False&lt;/AutoCompleteFirstRowSelected&gt;&lt;controlname&gt;textboxcontrol&lt;/controlname&gt;&lt;FilterMode&gt;False&lt;/FilterMode&gt;&lt;/settings&gt;&lt;/field&gt;&lt;field column="To" visible="true" columntype="longtext" fieldtype="CustomUserControl" publicfield="false" guid="b0d64701-e65c-42f5-897f-147e95628d4d" visibility="none" reftype="Required"&gt;&lt;properties&gt;&lt;fielddescription&gt;{$ma.action.sendemails.to.desc$}&lt;/fielddescription&gt;&lt;fieldcaption&gt;{$general.toemail$}&lt;/fieldcaption&gt;&lt;/properties&gt;&lt;settings&gt;&lt;AutoCompleteEnableCaching&gt;False&lt;/AutoCompleteEnableCaching&gt;&lt;AutoCompleteShowOnlyCurrentWordInCompletionListItem&gt;False&lt;/AutoCompleteShowOnlyCurrentWordInCompletionListItem&gt;&lt;Wrap&gt;True&lt;/Wrap&gt;&lt;IsTextArea&gt;True&lt;/IsTextArea&gt;&lt;AutoCompleteFirstRowSelected&gt;False&lt;/AutoCompleteFirstRowSelected&gt;&lt;controlname&gt;textareacontrol&lt;/controlname&gt;&lt;FilterMode&gt;False&lt;/FilterMode&gt;&lt;/settings&gt;&lt;/field&gt;&lt;field column="BasedOn" visible="true" columntype="integer" fieldtype="CustomUserControl" publicfield="false" guid="6cbde5ca-bf84-488b-9c7f-016caf5e2d44" visibility="none" hasdependingfields="true" reftype="Required"&gt;&lt;properties&gt;&lt;fielddescription&gt;{$ma.action.sendemails.basedon.desc$}&lt;/fielddescription&gt;&lt;defaultvalue&gt;0&lt;/defaultvalue&gt;&lt;fieldcaption&gt;{$ma.action.sendemails.basedon$}&lt;/fieldcaption&gt;&lt;/properties&gt;&lt;settings&gt;&lt;RepeatDirection&gt;horizontal&lt;/RepeatDirection&gt;&lt;controlname&gt;radiobuttonscontrol&lt;/controlname&gt;&lt;Options&gt;0;E-mail template
1;HTML formatted text&lt;/Options&gt;&lt;/settings&gt;&lt;/field&gt;&lt;field column="EmailTemplate" visible="true" columntype="text" fieldtype="CustomUserControl" columnsize="450" publicfield="false" guid="d9a2f538-e097-43b6-ae78-3d6fd6892ec4" visibility="none" reftype="Required"&gt;&lt;properties&gt;&lt;enabledmacro ismacro="true"&gt;{%BasedOn.Value == "0"|(user)administrator|(hash)13ef7fd9aff84c48d35403e6633f1e36c07718efd6a164ec9438863b085cbcf6%}&lt;/enabledmacro&gt;&lt;fielddescription&gt;{$ma.action.sendemails.template.desc$}&lt;/fielddescription&gt;&lt;visiblemacro ismacro="true"&gt;{%BasedOn.Value == "0"|(user)administrator|(hash)13ef7fd9aff84c48d35403e6633f1e36c07718efd6a164ec9438863b085cbcf6%}&lt;/visiblemacro&gt;&lt;validationerrormessage&gt;{$emailtemplate_edit.fillcodenamefield$}&lt;/validationerrormessage&gt;&lt;fieldcaption&gt;{$ma.action.sendemails.template$}&lt;/fieldcaption&gt;&lt;/properties&gt;&lt;settings&gt;&lt;ShowEditButton&gt;True&lt;/ShowEditButton&gt;&lt;controlname&gt;email_template_selector&lt;/controlname&gt;&lt;TemplateType&gt;automation&lt;/TemplateType&gt;&lt;ShowNewButton&gt;True&lt;/ShowNewButton&gt;&lt;/settings&gt;&lt;rules&gt;&lt;rule&gt;{%Rule("Value.Length &amp;gt;= 1", "&amp;lt;rules&amp;gt;&amp;lt;r pos=\"0\" par=\"\" op=\"and\" n=\"MinLength\" &amp;gt;&amp;lt;p n=\"minlength\"&amp;gt;&amp;lt;t&amp;gt;1&amp;lt;/t&amp;gt;&amp;lt;v&amp;gt;1&amp;lt;/v&amp;gt;&amp;lt;r&amp;gt;false&amp;lt;/r&amp;gt;&amp;lt;d&amp;gt;&amp;lt;/d&amp;gt;&amp;lt;vt&amp;gt;integer&amp;lt;/vt&amp;gt;&amp;lt;/p&amp;gt;&amp;lt;/r&amp;gt;&amp;lt;/rules&amp;gt;")|(user)administrator|(hash)a7e0d0e402ac8167d1f6ab72a9841c2e135e05dd542680d4717aa82f1f5a2370%}&lt;/rule&gt;&lt;rule&gt;{%Rule("Value.Matches(\"^(?!\\\\s*$).+\")", "&amp;lt;rules&amp;gt;&amp;lt;r pos=\"0\" par=\"\" op=\"and\" n=\"RegExp\" &amp;gt;&amp;lt;p n=\"regexp\"&amp;gt;&amp;lt;t&amp;gt;^(?!\\s*$).+&amp;lt;/t&amp;gt;&amp;lt;v&amp;gt;^(?!\\s*$).+&amp;lt;/v&amp;gt;&amp;lt;r&amp;gt;0&amp;lt;/r&amp;gt;&amp;lt;d&amp;gt;&amp;lt;/d&amp;gt;&amp;lt;vt&amp;gt;text&amp;lt;/vt&amp;gt;&amp;lt;tv&amp;gt;0&amp;lt;/tv&amp;gt;&amp;lt;/p&amp;gt;&amp;lt;/r&amp;gt;&amp;lt;/rules&amp;gt;")|(user)administrator|(hash)f1014b2146465357063199c3ef7d893865d692cd0bea73533aa768e0dc61bb67%}&lt;/rule&gt;&lt;/rules&gt;&lt;/field&gt;&lt;field column="Subject" visible="true" columntype="text" fieldtype="CustomUserControl" allowempty="true" columnsize="998" publicfield="false" guid="45595d6d-814f-4590-a079-6dd895f9edc0" visibility="none" reftype="Required"&gt;&lt;properties&gt;&lt;visiblemacro ismacro="true"&gt;{%BasedOn.Value == "1"|(user)administrator|(hash)67471eff4db5c22cf909988f9e8b878767247a18d4bf92cc0b5d101328b44043%}&lt;/visiblemacro&gt;&lt;fielddescription&gt;{$ma.action.sendemails.subject.desc$}&lt;/fielddescription&gt;&lt;enabledmacro ismacro="true"&gt;{%BasedOn.Value == "1"|(user)administrator|(hash)67471eff4db5c22cf909988f9e8b878767247a18d4bf92cc0b5d101328b44043%}&lt;/enabledmacro&gt;&lt;fieldcaption&gt;{$general.subject$}&lt;/fieldcaption&gt;&lt;/properties&gt;&lt;settings&gt;&lt;AutoCompleteEnableCaching&gt;False&lt;/AutoCompleteEnableCaching&gt;&lt;AutoCompleteShowOnlyCurrentWordInCompletionListItem&gt;False&lt;/AutoCompleteShowOnlyCurrentWordInCompletionListItem&gt;&lt;Trim&gt;False&lt;/Trim&gt;&lt;AutoCompleteFirstRowSelected&gt;False&lt;/AutoCompleteFirstRowSelected&gt;&lt;controlname&gt;textboxcontrol&lt;/controlname&gt;&lt;FilterMode&gt;False&lt;/FilterMode&gt;&lt;/settings&gt;&lt;/field&gt;&lt;field column="Body" visible="true" columntype="longtext" fieldtype="CustomUserControl" allowempty="true" publicfield="false" guid="f4ef4406-3691-44c1-9d02-8ad215c4ec24" visibility="none" reftype="Required"&gt;&lt;properties&gt;&lt;visiblemacro ismacro="true"&gt;{%BasedOn.Value == "1"|(user)administrator|(hash)67471eff4db5c22cf909988f9e8b878767247a18d4bf92cc0b5d101328b44043%}&lt;/visiblemacro&gt;&lt;fielddescription&gt;{$ma.action.sendemails.body.desc$}&lt;/fielddescription&gt;&lt;enabledmacro ismacro="true"&gt;{%BasedOn.Value == "1"|(user)administrator|(hash)67471eff4db5c22cf909988f9e8b878767247a18d4bf92cc0b5d101328b44043%}&lt;/enabledmacro&gt;&lt;fieldcaption&gt;{$general.body$}&lt;/fieldcaption&gt;&lt;/properties&gt;&lt;settings&gt;&lt;ShowAddStampButton&gt;False&lt;/ShowAddStampButton&gt;&lt;Autoresize_Hashtable&gt;True&lt;/Autoresize_Hashtable&gt;&lt;HeightUnitType&gt;PX&lt;/HeightUnitType&gt;&lt;Dialogs_Content_Hide&gt;False&lt;/Dialogs_Content_Hide&gt;&lt;WidthUnitType&gt;PX&lt;/WidthUnitType&gt;&lt;controlname&gt;htmlareacontrol&lt;/controlname&gt;&lt;MediaDialogConfiguration&gt;True&lt;/MediaDialogConfiguration&gt;&lt;/settings&gt;&lt;/field&gt;&lt;/form&gt;</ActionParameters>
    <ActionDescription>Using this step, you can automatically send out e-mail messages according to the step's properties, where you can specify the recipients and the template the e-mails will be based on.</ActionDescription>
    <ActionAssemblyName>CMS.Automation</ActionAssemblyName>
    <ActionClass>CMS.Automation.EmailAction</ActionClass>
    <ActionGUID>a578a254-b251-4f1e-abb7-533e5898f012</ActionGUID>
    <ActionLastModified>2014-08-15T18:58:45.7533094+02:00</ActionLastModified>
    <ActionEnabled>true</ActionEnabled>
    <ActionAllowedObjects>;om.contact;</ActionAllowedObjects>
    <ActionWorkflowType>3</ActionWorkflowType>
    <ActionIconClass>icon-message</ActionIconClass>
    <ActionThumbnailClass>icon-message</ActionThumbnailClass>
  </CMS_WorkflowAction>
  <CMS_WorkflowAction>
    <ActionID>131</ActionID>
    <ActionDisplayName>Set contact property</ActionDisplayName>
    <ActionName>Set_contact_property</ActionName>
    <ActionParameters>&lt;form&gt;&lt;field column="PropertyName" fieldcaption="{$wf.action.docprop.prop$}" visible="true" columntype="text" fieldtype="CustomUserControl" columnsize="200" fielddescription="{$ma.action.contprop.prop.desc$}" publicfield="false" guid="db338907-094f-495d-a896-da5903ec0a98" visibility="none"&gt;&lt;settings&gt;&lt;ObjectType&gt;om.contact&lt;/ObjectType&gt;&lt;controlname&gt;objectcolumnselector&lt;/controlname&gt;&lt;UseColumnCaption&gt;True&lt;/UseColumnCaption&gt;&lt;ShowAllColumns&gt;True&lt;/ShowAllColumns&gt;&lt;/settings&gt;&lt;/field&gt;&lt;field column="PropertyValue" fieldcaption="{$wf.action.docprop.value$}" visible="true" columntype="longtext" fieldtype="CustomUserControl" allowempty="true" fielddescription="{$ma.action.contprop.value.desc$}" publicfield="false" guid="7f182480-4f14-4fef-9c48-1f150ea70bf0" visibility="none"&gt;&lt;settings&gt;&lt;AutoCompleteShowOnlyCurrentWordInCompletionListItem&gt;False&lt;/AutoCompleteShowOnlyCurrentWordInCompletionListItem&gt;&lt;AutoCompleteFirstRowSelected&gt;False&lt;/AutoCompleteFirstRowSelected&gt;&lt;controlname&gt;textareacontrol&lt;/controlname&gt;&lt;FilterMode&gt;False&lt;/FilterMode&gt;&lt;Wrap&gt;True&lt;/Wrap&gt;&lt;IsTextArea&gt;True&lt;/IsTextArea&gt;&lt;AutoCompleteEnableCaching&gt;False&lt;/AutoCompleteEnableCaching&gt;&lt;/settings&gt;&lt;/field&gt;&lt;/form&gt;</ActionParameters>
    <ActionDescription>Using this step, you can modify a property of a contact automatically within the automation process.</ActionDescription>
    <ActionAssemblyName>CMS.OnlineMarketing</ActionAssemblyName>
    <ActionClass>CMS.OnlineMarketing.ContactPropertyAction</ActionClass>
    <ActionGUID>96eb8195-b11a-42b7-a997-e377611234d1</ActionGUID>
    <ActionLastModified>2014-03-18T15:47:42.2743253+01:00</ActionLastModified>
    <ActionEnabled>true</ActionEnabled>
    <ActionAllowedObjects>;om.contact;</ActionAllowedObjects>
    <ActionWorkflowType>3</ActionWorkflowType>
    <ActionIconClass> icon-edit </ActionIconClass>
    <ActionThumbnailClass> icon-edit </ActionThumbnailClass>
  </CMS_WorkflowAction>
  <CMS_WorkflowAction>
    <ActionID>132</ActionID>
    <ActionDisplayName>Log custom activity</ActionDisplayName>
    <ActionName>Log_custom_activity</ActionName>
    <ActionParameters>&lt;form version="2"&gt;&lt;field column="ActivityType" visible="true" columntype="text" fieldtype="CustomUserControl" columnsize="200" publicfield="false" guid="90c96552-1faa-4259-b262-35cd62420a57" visibility="none" reftype="Required"&gt;&lt;properties&gt;&lt;fielddescription&gt;{$ma.action.logactivity.type.desc$}&lt;/fielddescription&gt;&lt;fieldcaption&gt;{$om.activity.type$}&lt;/fieldcaption&gt;&lt;/properties&gt;&lt;settings&gt;&lt;ShowEnabledActivitiesOnly&gt;False&lt;/ShowEnabledActivitiesOnly&gt;&lt;controlname&gt;activitytypeselector&lt;/controlname&gt;&lt;ShowAll&gt;False&lt;/ShowAll&gt;&lt;ShowManuallyCreatableActivities&gt;False&lt;/ShowManuallyCreatableActivities&gt;&lt;ShowCustomActivitiesOnly&gt;True&lt;/ShowCustomActivitiesOnly&gt;&lt;/settings&gt;&lt;/field&gt;&lt;field column="ActivityTitle" visible="true" columntype="text" fieldtype="CustomUserControl" allowempty="true" columnsize="250" publicfield="false" guid="24eb0d6b-886a-4479-944f-08f47e6066c7" visibility="none" reftype="Required"&gt;&lt;properties&gt;&lt;fielddescription&gt;{$ma.action.logactivity.title.desc$}&lt;/fielddescription&gt;&lt;fieldcaption&gt;{$om.activity.title$}&lt;/fieldcaption&gt;&lt;/properties&gt;&lt;settings&gt;&lt;AutoCompleteShowOnlyCurrentWordInCompletionListItem&gt;False&lt;/AutoCompleteShowOnlyCurrentWordInCompletionListItem&gt;&lt;Trim&gt;False&lt;/Trim&gt;&lt;AutoCompleteFirstRowSelected&gt;False&lt;/AutoCompleteFirstRowSelected&gt;&lt;FilterMode&gt;False&lt;/FilterMode&gt;&lt;controlname&gt;textboxcontrol&lt;/controlname&gt;&lt;AutoCompleteEnableCaching&gt;False&lt;/AutoCompleteEnableCaching&gt;&lt;/settings&gt;&lt;/field&gt;&lt;field column="ActivityValue" visible="true" columntype="text" fieldtype="CustomUserControl" allowempty="true" columnsize="250" publicfield="false" guid="d670aea5-c309-4a76-98f6-b35f4698963d" visibility="none" reftype="Required"&gt;&lt;properties&gt;&lt;fielddescription&gt;{$ma.action.logactivity.value.desc$}&lt;/fielddescription&gt;&lt;fieldcaption&gt;{$om.activity.value$}&lt;/fieldcaption&gt;&lt;/properties&gt;&lt;settings&gt;&lt;AutoCompleteShowOnlyCurrentWordInCompletionListItem&gt;False&lt;/AutoCompleteShowOnlyCurrentWordInCompletionListItem&gt;&lt;Trim&gt;False&lt;/Trim&gt;&lt;AutoCompleteFirstRowSelected&gt;False&lt;/AutoCompleteFirstRowSelected&gt;&lt;FilterMode&gt;False&lt;/FilterMode&gt;&lt;controlname&gt;textboxcontrol&lt;/controlname&gt;&lt;AutoCompleteEnableCaching&gt;False&lt;/AutoCompleteEnableCaching&gt;&lt;/settings&gt;&lt;/field&gt;&lt;field column="ActivityUrl" visible="true" columntype="text" fieldtype="CustomUserControl" allowempty="true" columnsize="500" publicfield="false" guid="b6c1601e-85d6-4119-a98a-af5562391d9a" visibility="none" reftype="Required"&gt;&lt;properties&gt;&lt;fielddescription&gt;{$ma.action.logactivity.url.desc$}&lt;/fielddescription&gt;&lt;fieldcaption&gt;{$om.activity.url$}&lt;/fieldcaption&gt;&lt;/properties&gt;&lt;settings&gt;&lt;AutoCompleteShowOnlyCurrentWordInCompletionListItem&gt;False&lt;/AutoCompleteShowOnlyCurrentWordInCompletionListItem&gt;&lt;Trim&gt;False&lt;/Trim&gt;&lt;AutoCompleteFirstRowSelected&gt;False&lt;/AutoCompleteFirstRowSelected&gt;&lt;FilterMode&gt;False&lt;/FilterMode&gt;&lt;controlname&gt;textboxcontrol&lt;/controlname&gt;&lt;AutoCompleteEnableCaching&gt;False&lt;/AutoCompleteEnableCaching&gt;&lt;/settings&gt;&lt;/field&gt;&lt;field column="ActivityCampaign" visible="true" columntype="text" fieldtype="CustomUserControl" allowempty="true" columnsize="250" publicfield="false" guid="142913ab-23c4-4da8-85f9-d34d518f8e06" visibility="none" reftype="Required"&gt;&lt;properties&gt;&lt;fielddescription&gt;{$ma.action.logactivity.campaign.desc$}&lt;/fielddescription&gt;&lt;fieldcaption&gt;{$om.activity.campaign$}&lt;/fieldcaption&gt;&lt;/properties&gt;&lt;settings&gt;&lt;AllowEmpty&gt;True&lt;/AllowEmpty&gt;&lt;MaxDisplayedTotalItems&gt;50&lt;/MaxDisplayedTotalItems&gt;&lt;ReturnColumnType&gt;id&lt;/ReturnColumnType&gt;&lt;ItemsPerPage&gt;25&lt;/ItemsPerPage&gt;&lt;AddGlobalObjectNamePrefix&gt;False&lt;/AddGlobalObjectNamePrefix&gt;&lt;GlobalObjectSuffix&gt;(global)&lt;/GlobalObjectSuffix&gt;&lt;FilterControl&gt;~/CMSFormControls/Filters/SiteFilter.ascx&lt;/FilterControl&gt;&lt;AllowEditTextBox&gt;False&lt;/AllowEditTextBox&gt;&lt;RemoveMultipleCommas&gt;False&lt;/RemoveMultipleCommas&gt;&lt;LocalizeItems&gt;True&lt;/LocalizeItems&gt;&lt;controlname&gt;uni_selector&lt;/controlname&gt;&lt;SelectionMode&gt;0&lt;/SelectionMode&gt;&lt;ValuesSeparator&gt;;&lt;/ValuesSeparator&gt;&lt;ResourcePrefix&gt;campaignselect&lt;/ResourcePrefix&gt;&lt;AddGlobalObjectSuffix&gt;False&lt;/AddGlobalObjectSuffix&gt;&lt;AllowDefault&gt;False&lt;/AllowDefault&gt;&lt;ObjectType&gt;analytics.campaign&lt;/ObjectType&gt;&lt;AllowAll&gt;False&lt;/AllowAll&gt;&lt;ReturnColumnName&gt;CampaignName&lt;/ReturnColumnName&gt;&lt;DialogWindowName&gt;SelectionDialog&lt;/DialogWindowName&gt;&lt;DialogWindowHeight&gt;590&lt;/DialogWindowHeight&gt;&lt;MaxDisplayedItems&gt;25&lt;/MaxDisplayedItems&gt;&lt;/settings&gt;&lt;/field&gt;&lt;field column="ActivityComment" visible="true" columntype="longtext" fieldtype="CustomUserControl" allowempty="true" publicfield="false" guid="cfd863d4-1140-411e-8f72-2a4b4d7b08fc" visibility="none" reftype="Required"&gt;&lt;properties&gt;&lt;fielddescription&gt;{$ma.action.logactivity.comment.desc$}&lt;/fielddescription&gt;&lt;fieldcaption&gt;{$om.activity.comment$}&lt;/fieldcaption&gt;&lt;/properties&gt;&lt;settings&gt;&lt;Autoresize_Hashtable&gt;True&lt;/Autoresize_Hashtable&gt;&lt;HeightUnitType&gt;PX&lt;/HeightUnitType&gt;&lt;Dialogs_Content_Hide&gt;False&lt;/Dialogs_Content_Hide&gt;&lt;WidthUnitType&gt;PX&lt;/WidthUnitType&gt;&lt;ToolbarSet&gt;Basic&lt;/ToolbarSet&gt;&lt;controlname&gt;htmlareacontrol&lt;/controlname&gt;&lt;MediaDialogConfiguration&gt;True&lt;/MediaDialogConfiguration&gt;&lt;/settings&gt;&lt;/field&gt;&lt;/form&gt;</ActionParameters>
    <ActionDescription>Using this step, you can log custom activity automatically within the automation process.</ActionDescription>
    <ActionAssemblyName>CMS.OnlineMarketing</ActionAssemblyName>
    <ActionClass>CMS.OnlineMarketing.CustomActivityAction</ActionClass>
    <ActionGUID>f0af7b2e-a311-4467-beaf-51968e9520a2</ActionGUID>
    <ActionLastModified>2014-03-15T14:00:43.4691919+01:00</ActionLastModified>
    <ActionEnabled>true</ActionEnabled>
    <ActionAllowedObjects>;om.contact;</ActionAllowedObjects>
    <ActionWorkflowType>3</ActionWorkflowType>
    <ActionIconClass> icon-clipboard-list </ActionIconClass>
    <ActionThumbnailClass> icon-clipboard-list </ActionThumbnailClass>
  </CMS_WorkflowAction>
  <CMS_WorkflowAction>
    <ActionID>133</ActionID>
    <ActionDisplayName>Change group</ActionDisplayName>
    <ActionName>Change_group</ActionName>
    <ActionParameters>&lt;form version="2"&gt;&lt;field column="ContactGroupName" visible="true" columntype="text" fieldtype="CustomUserControl" columnsize="200" publicfield="false" guid="f9e8711f-c440-4c6e-be92-25bbc04ba89a" visibility="none" reftype="Required"&gt;&lt;properties&gt;&lt;fielddescription&gt;{$ma.action.changegroup.group.desc$}&lt;/fielddescription&gt;&lt;fieldcaption&gt;{$om.contactgroup$}&lt;/fieldcaption&gt;&lt;/properties&gt;&lt;settings&gt;&lt;AllowEmpty&gt;False&lt;/AllowEmpty&gt;&lt;MaxDisplayedTotalItems&gt;50&lt;/MaxDisplayedTotalItems&gt;&lt;ReturnColumnType&gt;id&lt;/ReturnColumnType&gt;&lt;ItemsPerPage&gt;25&lt;/ItemsPerPage&gt;&lt;AddGlobalObjectNamePrefix&gt;False&lt;/AddGlobalObjectNamePrefix&gt;&lt;GlobalObjectSuffix&gt;(global)&lt;/GlobalObjectSuffix&gt;&lt;FilterControl&gt;~/CMSFormControls/Filters/SiteFilter.ascx&lt;/FilterControl&gt;&lt;AllowEditTextBox&gt;False&lt;/AllowEditTextBox&gt;&lt;RemoveMultipleCommas&gt;False&lt;/RemoveMultipleCommas&gt;&lt;LocalizeItems&gt;True&lt;/LocalizeItems&gt;&lt;controlname&gt;uni_selector&lt;/controlname&gt;&lt;SelectionMode&gt;0&lt;/SelectionMode&gt;&lt;ValuesSeparator&gt;;&lt;/ValuesSeparator&gt;&lt;ResourcePrefix&gt;om.contactgroup&lt;/ResourcePrefix&gt;&lt;AddGlobalObjectSuffix&gt;False&lt;/AddGlobalObjectSuffix&gt;&lt;AllowDefault&gt;False&lt;/AllowDefault&gt;&lt;ObjectType&gt;om.contactgroup&lt;/ObjectType&gt;&lt;AllowAll&gt;False&lt;/AllowAll&gt;&lt;ReturnColumnName&gt;ContactGroupName&lt;/ReturnColumnName&gt;&lt;DialogWindowName&gt;SelectionDialog&lt;/DialogWindowName&gt;&lt;DialogWindowHeight&gt;590&lt;/DialogWindowHeight&gt;&lt;MaxDisplayedItems&gt;25&lt;/MaxDisplayedItems&gt;&lt;/settings&gt;&lt;/field&gt;&lt;field column="ContactAction" visible="true" columntype="integer" fieldtype="CustomUserControl" publicfield="false" guid="b9e6a96e-d78d-40c6-b6b5-42d44a98310f" visibility="none" reftype="Required"&gt;&lt;properties&gt;&lt;fielddescription&gt;{$ma.action.changegroup.action.desc$}&lt;/fielddescription&gt;&lt;defaultvalue&gt;0&lt;/defaultvalue&gt;&lt;fieldcaption&gt;{$general.action$}&lt;/fieldcaption&gt;&lt;/properties&gt;&lt;settings&gt;&lt;RepeatDirection&gt;vertical&lt;/RepeatDirection&gt;&lt;controlname&gt;radiobuttonscontrol&lt;/controlname&gt;&lt;Options&gt;0;{$om.contactgroup.addto$}
1;{$om.contactgroup.removefrom$}&lt;/Options&gt;&lt;/settings&gt;&lt;/field&gt;&lt;/form&gt;</ActionParameters>
    <ActionDescription>Using this step, you can add or remove contact from a contact group automatically within the automation process.</ActionDescription>
    <ActionAssemblyName>CMS.OnlineMarketing</ActionAssemblyName>
    <ActionClass>CMS.OnlineMarketing.ContactGroupAction</ActionClass>
    <ActionGUID>003c8e4c-14ad-4451-b8e0-5a8e97f5539e</ActionGUID>
    <ActionLastModified>2014-03-15T13:59:42.3591919+01:00</ActionLastModified>
    <ActionEnabled>true</ActionEnabled>
    <ActionAllowedObjects>;om.contact;</ActionAllowedObjects>
    <ActionWorkflowType>3</ActionWorkflowType>
    <ActionIconClass> icon-id-cards </ActionIconClass>
    <ActionThumbnailClass> icon-id-cards </ActionThumbnailClass>
  </CMS_WorkflowAction>
  <CMS_WorkflowAction>
    <ActionID>135</ActionID>
    <ActionDisplayName>Set contact status</ActionDisplayName>
    <ActionName>Set_contact_status</ActionName>
    <ActionParameters>&lt;form version="2"&gt;&lt;field column="ContactStatus" visible="true" columntype="text" fieldtype="CustomUserControl" allowempty="true" columnsize="200" publicfield="false" guid="b83356f7-203e-46ac-beaa-19e2c9ce6065" visibility="none" reftype="Required"&gt;&lt;properties&gt;&lt;fielddescription&gt;{$ma.action.contstatus.status.desc$}&lt;/fielddescription&gt;&lt;fieldcaption&gt;{$om.contactstatus$}&lt;/fieldcaption&gt;&lt;/properties&gt;&lt;settings&gt;&lt;MaxDisplayedItems&gt;25&lt;/MaxDisplayedItems&gt;&lt;AddGlobalObjectNamePrefix&gt;False&lt;/AddGlobalObjectNamePrefix&gt;&lt;GlobalObjectSuffix&gt;(global)&lt;/GlobalObjectSuffix&gt;&lt;ItemsPerPage&gt;25&lt;/ItemsPerPage&gt;&lt;AllowEmpty&gt;True&lt;/AllowEmpty&gt;&lt;DialogWindowHeight&gt;590&lt;/DialogWindowHeight&gt;&lt;RemoveMultipleCommas&gt;False&lt;/RemoveMultipleCommas&gt;&lt;ObjectType&gt;om.contactstatus&lt;/ObjectType&gt;&lt;SelectionMode&gt;0&lt;/SelectionMode&gt;&lt;MaxDisplayedTotalItems&gt;50&lt;/MaxDisplayedTotalItems&gt;&lt;LocalizeItems&gt;True&lt;/LocalizeItems&gt;&lt;ValuesSeparator&gt;;&lt;/ValuesSeparator&gt;&lt;AllowAll&gt;False&lt;/AllowAll&gt;&lt;AddGlobalObjectSuffix&gt;False&lt;/AddGlobalObjectSuffix&gt;&lt;controlname&gt;uni_selector&lt;/controlname&gt;&lt;DialogWindowName&gt;SelectionDialog&lt;/DialogWindowName&gt;&lt;ReturnColumnName&gt;ContactStatusName&lt;/ReturnColumnName&gt;&lt;FilterControl&gt;~/CMSFormControls/Filters/SiteFilter.ascx&lt;/FilterControl&gt;&lt;AllowEditTextBox&gt;False&lt;/AllowEditTextBox&gt;&lt;ReturnColumnType&gt;id&lt;/ReturnColumnType&gt;&lt;AllowDefault&gt;False&lt;/AllowDefault&gt;&lt;/settings&gt;&lt;/field&gt;&lt;/form&gt;</ActionParameters>
    <ActionDescription>Using this step, you can change contact status automatically within the automation process.</ActionDescription>
    <ActionAssemblyName>CMS.OnlineMarketing</ActionAssemblyName>
    <ActionClass>CMS.OnlineMarketing.ContactStatusAction</ActionClass>
    <ActionGUID>e4856234-8218-476e-a310-e2c682f952bd</ActionGUID>
    <ActionLastModified>2014-03-18T15:48:06.5143253+01:00</ActionLastModified>
    <ActionEnabled>true</ActionEnabled>
    <ActionAllowedObjects>;om.contact;</ActionAllowedObjects>
    <ActionWorkflowType>3</ActionWorkflowType>
    <ActionIconClass> icon-edit </ActionIconClass>
    <ActionThumbnailClass> icon-edit </ActionThumbnailClass>
  </CMS_WorkflowAction>
  <CMS_WorkflowAction>
    <ActionID>136</ActionID>
    <ActionDisplayName>Send newsletter issue</ActionDisplayName>
    <ActionName>Send_newsletter_issue</ActionName>
    <ActionParameters>&lt;form version="2"&gt;&lt;field column="NewsletterIssue" visible="true" columntype="guid" fieldtype="CustomUserControl" publicfield="false" guid="db1323bc-9e95-4b45-a8d9-3f11e3616530" visibility="none" reftype="Required"&gt;&lt;properties&gt;&lt;fielddescription&gt;{$ma.action.newsletterissue.description$}&lt;/fielddescription&gt;&lt;fieldcaption&gt;{$newslettertemplate_list.issue$}&lt;/fieldcaption&gt;&lt;/properties&gt;&lt;settings&gt;&lt;AllowEmpty&gt;False&lt;/AllowEmpty&gt;&lt;MaxDisplayedTotalItems&gt;50&lt;/MaxDisplayedTotalItems&gt;&lt;ReturnColumnType&gt;id&lt;/ReturnColumnType&gt;&lt;ItemsPerPage&gt;25&lt;/ItemsPerPage&gt;&lt;AddGlobalObjectNamePrefix&gt;False&lt;/AddGlobalObjectNamePrefix&gt;&lt;GlobalObjectSuffix&gt;(global)&lt;/GlobalObjectSuffix&gt;&lt;FilterControl&gt;~/CMSFormControls/Filters/ObjectFilter.ascx&lt;/FilterControl&gt;&lt;AllowEditTextBox&gt;False&lt;/AllowEditTextBox&gt;&lt;RemoveMultipleCommas&gt;False&lt;/RemoveMultipleCommas&gt;&lt;LocalizeItems&gt;True&lt;/LocalizeItems&gt;&lt;controlname&gt;uni_selector&lt;/controlname&gt;&lt;SelectionMode&gt;0&lt;/SelectionMode&gt;&lt;ValuesSeparator&gt;;&lt;/ValuesSeparator&gt;&lt;ResourcePrefix&gt;newsletter.issue&lt;/ResourcePrefix&gt;&lt;AddGlobalObjectSuffix&gt;False&lt;/AddGlobalObjectSuffix&gt;&lt;AllowDefault&gt;False&lt;/AllowDefault&gt;&lt;WhereCondition&gt;COALESCE(IssueIsABTest, 0) = 0&lt;/WhereCondition&gt;&lt;ObjectType&gt;newsletter.issue&lt;/ObjectType&gt;&lt;AllowAll&gt;False&lt;/AllowAll&gt;&lt;ReturnColumnName&gt;IssueGUID&lt;/ReturnColumnName&gt;&lt;DialogWindowName&gt;SelectionDialog&lt;/DialogWindowName&gt;&lt;DialogWindowHeight&gt;590&lt;/DialogWindowHeight&gt;&lt;MaxDisplayedItems&gt;25&lt;/MaxDisplayedItems&gt;&lt;/settings&gt;&lt;/field&gt;&lt;/form&gt;</ActionParameters>
    <ActionDescription>Using this step, you can send a newsletter issue to a contact automatically within the automation process.</ActionDescription>
    <ActionAssemblyName>CMS.Newsletters</ActionAssemblyName>
    <ActionClass>CMS.Newsletters.SendNewsletterIssueAction</ActionClass>
    <ActionGUID>b33d5c68-235d-406e-89d7-4f1714078940</ActionGUID>
    <ActionLastModified>2014-03-13T15:19:16.4339733+01:00</ActionLastModified>
    <ActionEnabled>true</ActionEnabled>
    <ActionAllowedObjects>;om.contact;</ActionAllowedObjects>
    <ActionWorkflowType>3</ActionWorkflowType>
    <ActionIconClass>icon-message</ActionIconClass>
    <ActionThumbnailClass>icon-message</ActionThumbnailClass>
  </CMS_WorkflowAction>
  <CMS_WorkflowAction>
    <ActionID>137</ActionID>
    <ActionDisplayName>Delete contact</ActionDisplayName>
    <ActionName>DeleteContact</ActionName>
    <ActionParameters>&lt;form&gt;&lt;field column="DeleteMerged" fieldcaption="{$ma.action.deletecont.merged$}" visible="true" defaultvalue="true" columntype="boolean" fieldtype="CustomUserControl" fielddescription="{$ma.action.deletecont.merged.desc$}" publicfield="false" guid="c0c6c607-d406-4763-a384-d078182e0b91" visibility="none"&gt;&lt;settings&gt;&lt;controlname&gt;checkboxcontrol&lt;/controlname&gt;&lt;/settings&gt;&lt;/field&gt;&lt;field column="MoveActivities" fieldcaption="{$ma.action.deletecont.activities$}" visible="true" defaultvalue="false" columntype="boolean" fieldtype="CustomUserControl" fielddescription="{$ma.action.deletecont.activities.desc$}" publicfield="false" guid="9e1e3e49-2fea-46fd-ac77-cedb23698576" visibility="none"&gt;&lt;settings&gt;&lt;controlname&gt;checkboxcontrol&lt;/controlname&gt;&lt;/settings&gt;&lt;/field&gt;&lt;/form&gt;</ActionParameters>
    <ActionDescription>Using this step, you can delete a contact automatically within the automation process.</ActionDescription>
    <ActionAssemblyName>CMS.OnlineMarketing</ActionAssemblyName>
    <ActionClass>CMS.OnlineMarketing.DeleteContactAction</ActionClass>
    <ActionGUID>410234c1-f4e0-471b-b8ce-94bcb310a3b3</ActionGUID>
    <ActionLastModified>2014-03-13T15:17:17.0839733+01:00</ActionLastModified>
    <ActionEnabled>true</ActionEnabled>
    <ActionAllowedObjects>;om.contact;</ActionAllowedObjects>
    <ActionWorkflowType>3</ActionWorkflowType>
    <ActionIconClass>icon-bin</ActionIconClass>
    <ActionThumbnailClass>icon-bin</ActionThumbnailClass>
  </CMS_WorkflowAction>
  <CMS_WorkflowAction>
    <ActionID>138</ActionID>
    <ActionDisplayName>Change account</ActionDisplayName>
    <ActionName>Change_account</ActionName>
    <ActionParameters>&lt;form version="2"&gt;&lt;field column="Account" visible="true" columntype="guid" fieldtype="CustomUserControl" publicfield="false" guid="c2340245-bcb9-48f5-83bb-e49ce0e9c8c3" visibility="none" reftype="Required"&gt;&lt;properties&gt;&lt;fielddescription&gt;{$ma.action.contactaccount.account.description$}&lt;/fielddescription&gt;&lt;fieldcaption&gt;{$om.account.name$}&lt;/fieldcaption&gt;&lt;/properties&gt;&lt;settings&gt;&lt;AllowEmpty&gt;False&lt;/AllowEmpty&gt;&lt;MaxDisplayedTotalItems&gt;50&lt;/MaxDisplayedTotalItems&gt;&lt;ReturnColumnType&gt;id&lt;/ReturnColumnType&gt;&lt;ItemsPerPage&gt;25&lt;/ItemsPerPage&gt;&lt;AddGlobalObjectNamePrefix&gt;False&lt;/AddGlobalObjectNamePrefix&gt;&lt;GlobalObjectSuffix&gt;(global)&lt;/GlobalObjectSuffix&gt;&lt;FilterControl&gt;~/CMSFormControls/Filters/SiteFilter.ascx&lt;/FilterControl&gt;&lt;AllowEditTextBox&gt;False&lt;/AllowEditTextBox&gt;&lt;RemoveMultipleCommas&gt;False&lt;/RemoveMultipleCommas&gt;&lt;LocalizeItems&gt;True&lt;/LocalizeItems&gt;&lt;controlname&gt;uni_selector&lt;/controlname&gt;&lt;SelectionMode&gt;0&lt;/SelectionMode&gt;&lt;ValuesSeparator&gt;;&lt;/ValuesSeparator&gt;&lt;ResourcePrefix&gt;om.account&lt;/ResourcePrefix&gt;&lt;AddGlobalObjectSuffix&gt;False&lt;/AddGlobalObjectSuffix&gt;&lt;AllowDefault&gt;False&lt;/AllowDefault&gt;&lt;ObjectType&gt;om.account&lt;/ObjectType&gt;&lt;AllowAll&gt;False&lt;/AllowAll&gt;&lt;ReturnColumnName&gt;AccountGUID&lt;/ReturnColumnName&gt;&lt;DialogWindowName&gt;SelectionDialog&lt;/DialogWindowName&gt;&lt;DialogWindowHeight&gt;590&lt;/DialogWindowHeight&gt;&lt;MaxDisplayedItems&gt;25&lt;/MaxDisplayedItems&gt;&lt;/settings&gt;&lt;/field&gt;&lt;field column="RoleName" visible="true" columntype="text" fieldtype="CustomUserControl" allowempty="true" columnsize="200" publicfield="false" guid="6c895cc3-f600-4109-8ca5-13468acb9398" visibility="none" reftype="Required"&gt;&lt;properties&gt;&lt;fielddescription&gt;{$ma.action.contactaccount.role.description$}&lt;/fielddescription&gt;&lt;fieldcaption&gt;{$om.contactrole$}&lt;/fieldcaption&gt;&lt;/properties&gt;&lt;settings&gt;&lt;ReturnColumnType&gt;id&lt;/ReturnColumnType&gt;&lt;AddGlobalObjectSuffix&gt;False&lt;/AddGlobalObjectSuffix&gt;&lt;AllowEmpty&gt;True&lt;/AllowEmpty&gt;&lt;MaxDisplayedItems&gt;25&lt;/MaxDisplayedItems&gt;&lt;ValuesSeparator&gt;;&lt;/ValuesSeparator&gt;&lt;GlobalObjectSuffix&gt;(global)&lt;/GlobalObjectSuffix&gt;&lt;RemoveMultipleCommas&gt;False&lt;/RemoveMultipleCommas&gt;&lt;ReturnColumnName&gt;ContactRoleName&lt;/ReturnColumnName&gt;&lt;DialogWindowName&gt;SelectionDialog&lt;/DialogWindowName&gt;&lt;AddGlobalObjectNamePrefix&gt;False&lt;/AddGlobalObjectNamePrefix&gt;&lt;ObjectType&gt;om.contactrole&lt;/ObjectType&gt;&lt;FilterControl&gt;~/CMSFormControls/Filters/SiteFilter.ascx&lt;/FilterControl&gt;&lt;ItemsPerPage&gt;25&lt;/ItemsPerPage&gt;&lt;AllowAll&gt;False&lt;/AllowAll&gt;&lt;SelectionMode&gt;0&lt;/SelectionMode&gt;&lt;AllowEditTextBox&gt;False&lt;/AllowEditTextBox&gt;&lt;AllowDefault&gt;False&lt;/AllowDefault&gt;&lt;DialogWindowHeight&gt;590&lt;/DialogWindowHeight&gt;&lt;MaxDisplayedTotalItems&gt;50&lt;/MaxDisplayedTotalItems&gt;&lt;controlname&gt;uni_selector&lt;/controlname&gt;&lt;LocalizeItems&gt;True&lt;/LocalizeItems&gt;&lt;/settings&gt;&lt;/field&gt;&lt;field column="ContactAction" visible="true" columntype="integer" fieldtype="CustomUserControl" publicfield="false" guid="3d0846d3-2a25-458b-9d61-e3c52e5d0105" visibility="none" reftype="Required"&gt;&lt;properties&gt;&lt;fielddescription&gt;{$ma.action.contactaccount.action.description$}&lt;/fielddescription&gt;&lt;defaultvalue&gt;0&lt;/defaultvalue&gt;&lt;fieldcaption&gt;{$general.action$}&lt;/fieldcaption&gt;&lt;/properties&gt;&lt;settings&gt;&lt;RepeatDirection&gt;vertical&lt;/RepeatDirection&gt;&lt;controlname&gt;radiobuttonscontrol&lt;/controlname&gt;&lt;Options&gt;0;{$om.account.addto$}
1;{$om.account.removefrom$}&lt;/Options&gt;&lt;/settings&gt;&lt;/field&gt;&lt;/form&gt;</ActionParameters>
    <ActionDescription>Using this step, you can add or remove a contact from an account automatically within the automation process.</ActionDescription>
    <ActionAssemblyName>CMS.OnlineMarketing</ActionAssemblyName>
    <ActionClass>CMS.OnlineMarketing.ContactAccountAction</ActionClass>
    <ActionGUID>538458ee-af93-44cf-9f11-e3b2a31eb158</ActionGUID>
    <ActionLastModified>2014-03-13T15:15:11.4879733+01:00</ActionLastModified>
    <ActionEnabled>true</ActionEnabled>
    <ActionAllowedObjects>;om.contact;</ActionAllowedObjects>
    <ActionWorkflowType>3</ActionWorkflowType>
    <ActionIconClass> icon-building </ActionIconClass>
    <ActionThumbnailClass> icon-building </ActionThumbnailClass>
  </CMS_WorkflowAction>
  <CMS_WorkflowAction>
    <ActionID>139</ActionID>
    <ActionDisplayName>Start process</ActionDisplayName>
    <ActionName>Start_process</ActionName>
    <ActionParameters>&lt;form&gt;&lt;field column="ProcessName" fieldcaption="{$general.process$}" visible="true" columntype="text" fieldtype="CustomUserControl" columnsize="450" fielddescription="{$ma.action.initprocess.process.description$}" publicfield="false" guid="df13e115-da62-44a4-8b89-b30492a0037f"&gt;&lt;settings&gt;&lt;AllowEmpty&gt;False&lt;/AllowEmpty&gt;&lt;MaxDisplayedTotalItems&gt;50&lt;/MaxDisplayedTotalItems&gt;&lt;ItemsPerPage&gt;25&lt;/ItemsPerPage&gt;&lt;AddGlobalObjectNamePrefix&gt;False&lt;/AddGlobalObjectNamePrefix&gt;&lt;GlobalObjectSuffix&gt;(global)&lt;/GlobalObjectSuffix&gt;&lt;AllowEditTextBox&gt;False&lt;/AllowEditTextBox&gt;&lt;LocalizeItems&gt;False&lt;/LocalizeItems&gt;&lt;controlname&gt;uni_selector&lt;/controlname&gt;&lt;SelectionMode&gt;1&lt;/SelectionMode&gt;&lt;ValuesSeparator&gt;;&lt;/ValuesSeparator&gt;&lt;AddGlobalObjectSuffix&gt;False&lt;/AddGlobalObjectSuffix&gt;&lt;AllowDefault&gt;False&lt;/AllowDefault&gt;&lt;WhereCondition&gt;(WorkflowEnabled = 1) OR (WorkflowEnabled IS NULL)&lt;/WhereCondition&gt;&lt;OrderBy&gt;WorkflowDisplayName&lt;/OrderBy&gt;&lt;ObjectType&gt;ma.automationprocess&lt;/ObjectType&gt;&lt;AllowAll&gt;False&lt;/AllowAll&gt;&lt;DialogWindowWidth&gt;668&lt;/DialogWindowWidth&gt;&lt;ReturnColumnName&gt;WorkflowName&lt;/ReturnColumnName&gt;&lt;DialogWindowName&gt;SelectionDialog&lt;/DialogWindowName&gt;&lt;RemoveMultipleCommas&gt;False&lt;/RemoveMultipleCommas&gt;&lt;DialogWindowHeight&gt;590&lt;/DialogWindowHeight&gt;&lt;MaxDisplayedItems&gt;25&lt;/MaxDisplayedItems&gt;&lt;/settings&gt;&lt;/field&gt;&lt;/form&gt;</ActionParameters>
    <ActionDescription>Using this step, you can initiate another automation process on the object.</ActionDescription>
    <ActionAssemblyName>CMS.Automation</ActionAssemblyName>
    <ActionClass>CMS.Automation.StartProcessAction</ActionClass>
    <ActionGUID>806aa0a6-8812-471c-a36e-93a2cc6196c2</ActionGUID>
    <ActionLastModified>2014-03-18T15:48:29.8493253+01:00</ActionLastModified>
    <ActionEnabled>true</ActionEnabled>
    <ActionAllowedObjects>;om.contact;</ActionAllowedObjects>
    <ActionWorkflowType>3</ActionWorkflowType>
    <ActionIconClass>icon-triangle-right</ActionIconClass>
    <ActionThumbnailClass>icon-triangle-right</ActionThumbnailClass>
  </CMS_WorkflowAction>
  <CMS_WorkflowAction>
    <ActionID>140</ActionID>
    <ActionDisplayName>Newsletter subscription</ActionDisplayName>
    <ActionName>Newsletter_subscription</ActionName>
    <ActionParameters>&lt;form version="2"&gt;&lt;field column="NewsletterName" visible="true" columntype="text" fieldtype="CustomUserControl" columnsize="200" publicfield="false" guid="08ce1c91-cf93-41cd-86de-833768c3b7b4" visibility="none" reftype="Required"&gt;&lt;properties&gt;&lt;fielddescription&gt;{$ma.action.newslettersubscription.name.description$}&lt;/fielddescription&gt;&lt;fieldcaption&gt;{$objecttype.newsletter_newsletter$}&lt;/fieldcaption&gt;&lt;/properties&gt;&lt;settings&gt;&lt;MaxDisplayedItems&gt;25&lt;/MaxDisplayedItems&gt;&lt;AddGlobalObjectNamePrefix&gt;False&lt;/AddGlobalObjectNamePrefix&gt;&lt;GlobalObjectSuffix&gt;(global)&lt;/GlobalObjectSuffix&gt;&lt;ItemsPerPage&gt;25&lt;/ItemsPerPage&gt;&lt;AllowEmpty&gt;False&lt;/AllowEmpty&gt;&lt;RemoveMultipleCommas&gt;False&lt;/RemoveMultipleCommas&gt;&lt;ObjectType&gt;newsletter.newsletter&lt;/ObjectType&gt;&lt;SelectionMode&gt;0&lt;/SelectionMode&gt;&lt;MaxDisplayedTotalItems&gt;50&lt;/MaxDisplayedTotalItems&gt;&lt;LocalizeItems&gt;True&lt;/LocalizeItems&gt;&lt;ValuesSeparator&gt;;&lt;/ValuesSeparator&gt;&lt;AllowAll&gt;False&lt;/AllowAll&gt;&lt;AddGlobalObjectSuffix&gt;False&lt;/AddGlobalObjectSuffix&gt;&lt;controlname&gt;uni_selector&lt;/controlname&gt;&lt;DialogWindowName&gt;SelectionDialog&lt;/DialogWindowName&gt;&lt;ReturnColumnName&gt;NewsletterName&lt;/ReturnColumnName&gt;&lt;FilterControl&gt;~/CMSFormControls/Filters/SiteFilter.ascx&lt;/FilterControl&gt;&lt;AllowEditTextBox&gt;False&lt;/AllowEditTextBox&gt;&lt;ReturnColumnType&gt;id&lt;/ReturnColumnType&gt;&lt;AllowDefault&gt;False&lt;/AllowDefault&gt;&lt;/settings&gt;&lt;/field&gt;&lt;field column="Action" visible="true" columntype="text" fieldtype="CustomUserControl" columnsize="20" publicfield="false" guid="128094a1-4e62-444a-bdb6-0430ac5e73f6" visibility="none" reftype="Required"&gt;&lt;properties&gt;&lt;fielddescription&gt;{$ma.action.newslettersubscription.action.description$}&lt;/fielddescription&gt;&lt;defaultvalue&gt;0&lt;/defaultvalue&gt;&lt;fieldcaption&gt;{$general.action$}&lt;/fieldcaption&gt;&lt;/properties&gt;&lt;settings&gt;&lt;RepeatDirection&gt;vertical&lt;/RepeatDirection&gt;&lt;controlname&gt;radiobuttonscontrol&lt;/controlname&gt;&lt;Options&gt;0;{$newsletter.subscriber.addto$}
1;{$newsletter.subscriber.removefrom$}&lt;/Options&gt;&lt;/settings&gt;&lt;/field&gt;&lt;/form&gt;</ActionParameters>
    <ActionDescription>Using this step, a contact can be either subscribed to or unsubscribed from a newsletter automatically within the automation process.</ActionDescription>
    <ActionAssemblyName>CMS.Newsletters</ActionAssemblyName>
    <ActionClass>CMS.Newsletters.NewsletterSubscriptionAction</ActionClass>
    <ActionGUID>2d3729a5-f9ea-4552-9ff4-0c6ed5215ea1</ActionGUID>
    <ActionLastModified>2014-03-13T15:41:31.3417534+01:00</ActionLastModified>
    <ActionEnabled>true</ActionEnabled>
    <ActionAllowedObjects>;om.contact;</ActionAllowedObjects>
    <ActionWorkflowType>3</ActionWorkflowType>
    <ActionIconClass>icon-check-circle</ActionIconClass>
    <ActionThumbnailClass>icon-check-circle</ActionThumbnailClass>
  </CMS_WorkflowAction>
  <CMS_WorkflowAction>
    <ActionID>144</ActionID>
    <ActionDisplayName>Update from Data.com</ActionDisplayName>
    <ActionName>Update_from_DataCom</ActionName>
    <ActionParameters>&lt;form&gt;&lt;field column="DataComUserName" visible="true" columntype="text" fieldtype="CustomUserControl" columnsize="150" publicfield="false" guid="36d0b719-2b99-40d9-b81e-517905f3ced4"&gt;&lt;properties&gt;&lt;fieldcssclass&gt;Hidden&lt;/fieldcssclass&gt;&lt;captioncssclass&gt;Hidden&lt;/captioncssclass&gt;&lt;controlcssclass&gt;Hidden&lt;/controlcssclass&gt;&lt;visiblemacro ismacro="true"&gt;{%false%}&lt;/visiblemacro&gt;&lt;captionstyle&gt;Hidden&lt;/captionstyle&gt;&lt;/properties&gt;&lt;settings&gt;&lt;controlname&gt;data.comlogin&lt;/controlname&gt;&lt;/settings&gt;&lt;/field&gt;&lt;field column="DataComPassword" columntype="text" fieldtype="CustomUserControl" columnsize="150" publicfield="false" guid="21102397-74fe-4c5f-99c4-f116aec60238"&gt;&lt;settings&gt;&lt;AutoCompleteShowOnlyCurrentWordInCompletionListItem&gt;False&lt;/AutoCompleteShowOnlyCurrentWordInCompletionListItem&gt;&lt;Trim&gt;False&lt;/Trim&gt;&lt;AutoCompleteFirstRowSelected&gt;False&lt;/AutoCompleteFirstRowSelected&gt;&lt;FilterMode&gt;False&lt;/FilterMode&gt;&lt;controlname&gt;textboxcontrol&lt;/controlname&gt;&lt;AutoCompleteEnableCaching&gt;False&lt;/AutoCompleteEnableCaching&gt;&lt;/settings&gt;&lt;/field&gt;&lt;field column="BuyEnabled" visible="true" columntype="boolean" fieldtype="CustomUserControl" publicfield="false" guid="b257e282-44d1-4488-8947-3844b4d18770"&gt;&lt;properties&gt;&lt;fielddescription&gt;{$datacom.automation.buyenabled.description$}&lt;/fielddescription&gt;&lt;defaultvalue&gt;False&lt;/defaultvalue&gt;&lt;fieldcaption&gt;{$datacom.automation.buyenabled$}&lt;/fieldcaption&gt;&lt;/properties&gt;&lt;settings&gt;&lt;controlname&gt;checkboxcontrol&lt;/controlname&gt;&lt;/settings&gt;&lt;/field&gt;&lt;/form&gt;</ActionParameters>
    <ActionDescription>Using this step, you can update the contact with information from Data.com. You need to be logged in to Data.com in Kentico for this service to work.</ActionDescription>
    <ActionAssemblyName>CMS.DataCom</ActionAssemblyName>
    <ActionClass>CMS.DataCom.Automation.UpdateContactAction</ActionClass>
    <ActionGUID>d86e2287-e4d7-4f23-be43-d95540145247</ActionGUID>
    <ActionLastModified>2014-03-14T17:07:14.3921438+01:00</ActionLastModified>
    <ActionEnabled>true</ActionEnabled>
    <ActionAllowedObjects>;om.contact;</ActionAllowedObjects>
    <ActionWorkflowType>3</ActionWorkflowType>
    <ActionIconClass>icon-rotate-right</ActionIconClass>
    <ActionThumbnailClass>icon-rotate-right</ActionThumbnailClass>
  </CMS_WorkflowAction>
  <CMS_WorkflowAction>
    <ActionID>145</ActionID>
    <ActionDisplayName>Import to Salesforce</ActionDisplayName>
    <ActionName>Import_to_Salesforce</ActionName>
    <ActionParameters>&lt;form&gt;&lt;field column="DeferredReplication" fieldcaption="{$sf.automation.deferredreplication$}" visible="true" defaultvalue="false" columntype="boolean" fieldtype="CustomUserControl" fielddescription="{$sf.automation.deferredreplication.description$}" publicfield="false" guid="a828d100-00ac-4645-86ed-0d25beacf350" visibility="none"&gt;&lt;settings&gt;&lt;controlname&gt;checkboxcontrol&lt;/controlname&gt;&lt;/settings&gt;&lt;/field&gt;&lt;/form&gt;</ActionParameters>
    <ActionDescription>Using this step, you can replicate the contact into Salesforce as a lead.</ActionDescription>
    <ActionAssemblyName>CMS.SalesForce</ActionAssemblyName>
    <ActionClass>CMS.SalesForce.Automation.ReplicateLeadAction</ActionClass>
    <ActionGUID>94d238f6-35d5-41a8-8377-61b6a50cb6ef</ActionGUID>
    <ActionLastModified>2014-03-13T15:17:30.9419733+01:00</ActionLastModified>
    <ActionEnabled>true</ActionEnabled>
    <ActionAllowedObjects>;om.contact;</ActionAllowedObjects>
    <ActionWorkflowType>3</ActionWorkflowType>
    <ActionIconClass>icon-arrow-right-rect</ActionIconClass>
    <ActionThumbnailClass>icon-arrow-right-rect</ActionThumbnailClass>
  </CMS_WorkflowAction>
</NewDataSet>